task,arm,selection,seed,calibration,repeat,n,accuracy,macro_f1,mcc,brier,log_loss,ece
entity_resolution,baseline_noul,baseline,0,raw,0,20,0.95,0.8857142857142857,0.7934920476158722,0.048560000000000006,0.11464218658514916,0.098
entity_resolution,baseline_noul,baseline,0,raw,1,20,1.0,1.0,1.0,0.046880000000000005,0.11390062852002561,0.09800000000000006
entity_resolution,baseline_noul,baseline,0,raw,2,20,1.0,1.0,1.0,0.0442,0.11157219268342407,0.09699999999999999
entity_resolution,baseline_noul,baseline,0,temperature,0,20,0.95,0.8857142857142857,0.7934920476158722,0.02520422414824955,0.03819654768125906,0.028486917640799445
entity_resolution,baseline_noul,baseline,0,temperature,1,20,1.0,1.0,1.0,0.02172991525699332,0.03436226656038209,0.026320843865536757
entity_resolution,baseline_noul,baseline,0,temperature,2,20,1.0,1.0,1.0,0.013152674548425485,0.02533922544628624,0.020965001747722888
entity_resolution,baseline_noul,baseline,0,temperature_bias,0,20,1.0,1.0,1.0,0.023091231043417797,0.03623587284656328,0.027565510107717236
entity_resolution,baseline_noul,baseline,0,temperature_bias,1,20,1.0,1.0,1.0,0.019750199298149994,0.032498867124225644,0.025366537552699665
entity_resolution,baseline_noul,baseline,0,temperature_bias,2,20,1.0,1.0,1.0,0.01167645771846414,0.02384074145754335,0.020036298941375257
entity_resolution,baseline_noul,dspy,17,raw,0,20,0.95,0.8857142857142857,0.7934920476158722,0.0512,0.11771549602764828,0.1
entity_resolution,baseline_noul,dspy,17,raw,1,20,1.0,1.0,1.0,0.04732000000000001,0.11406517616292522,0.09799999999999998
entity_resolution,baseline_noul,dspy,17,raw,2,20,1.0,1.0,1.0,0.04562000000000001,0.11231923509769945,0.09699999999999998
entity_resolution,baseline_noul,dspy,17,temperature,0,20,0.95,0.8857142857142857,0.7934920476158722,0.028957240350814078,0.04274355474999823,0.031113513071815466
entity_resolution,baseline_noul,dspy,17,temperature,1,20,1.0,1.0,1.0,0.021808701459120453,0.034795719331756444,0.026728883374503278
entity_resolution,baseline_noul,dspy,17,temperature,2,20,1.0,1.0,1.0,0.018596033622648108,0.031048903707123522,0.024419451399432763
entity_resolution,baseline_noul,dspy,17,temperature_bias,0,20,0.95,0.8857142857142857,0.7934920476158722,0.027204180158014984,0.04114216163442232,0.030445655486057085
entity_resolution,baseline_noul,dspy,17,temperature_bias,1,20,1.0,1.0,1.0,0.020243355977288966,0.03334123829961112,0.02599758111669631
entity_resolution,baseline_noul,dspy,17,temperature_bias,2,20,1.0,1.0,1.0,0.01714639652730498,0.029662467193609505,0.023660926739304543
entity_resolution,baseline_noul,dspy,29,raw,0,20,1.0,1.0,1.0,0.03963000000000001,0.10687451101114973,0.09449999999999999
entity_resolution,baseline_noul,dspy,29,raw,1,20,1.0,1.0,1.0,0.03967000000000001,0.10687981621448646,0.0945
entity_resolution,baseline_noul,dspy,29,raw,2,20,1.0,1.0,1.0,0.03723,0.10296390790497831,0.09150000000000003
entity_resolution,baseline_noul,dspy,29,temperature,0,20,1.0,1.0,1.0,0.0015780729191511085,0.010603292281841196,0.010181833369713816
entity_resolution,baseline_noul,dspy,29,temperature,1,20,1.0,1.0,1.0,0.0014285750283686979,0.010455538292881171,0.010078359477971154
entity_resolution,baseline_noul,dspy,29,temperature,2,20,1.0,1.0,1.0,0.0008020673423510087,0.008151153349250501,0.007942665187990805
entity_resolution,baseline_noul,dspy,29,temperature_bias,0,20,1.0,1.0,1.0,0.0015081091504582068,0.010533493763627248,0.010132664427023541
entity_resolution,baseline_noul,dspy,29,temperature_bias,1,20,1.0,1.0,1.0,0.0015381392156782884,0.01071992477743135,0.010312405492294197
entity_resolution,baseline_noul,dspy,29,temperature_bias,2,20,1.0,1.0,1.0,0.0008688973477285362,0.008357818798855814,0.008131319630806644
entity_resolution,baseline_noul,dspy,43,raw,0,20,1.0,1.0,1.0,0.04411,0.11009597727432381,0.09549999999999999
entity_resolution,baseline_noul,dspy,43,raw,1,20,1.0,1.0,1.0,0.04737,0.11456661839160458,0.09850000000000006
entity_resolution,baseline_noul,dspy,43,raw,2,20,1.0,1.0,1.0,0.043680000000000004,0.10956038914473946,0.095
entity_resolution,baseline_noul,dspy,43,temperature,0,20,1.0,1.0,1.0,0.01344786719538316,0.026226310617958448,0.02174822918115161
entity_resolution,baseline_noul,dspy,43,temperature,1,20,1.0,1.0,1.0,0.02186573918554017,0.034946291826976554,0.026854826509573104
entity_resolution,baseline_noul,dspy,43,temperature,2,20,1.0,1.0,1.0,0.015885760737010056,0.028210075374870157,0.022737275509668503
entity_resolution,baseline_noul,dspy,43,temperature_bias,0,20,1.0,1.0,1.0,0.012515967940449596,0.025306325976963945,0.021192480015610183
entity_resolution,baseline_noul,dspy,43,temperature_bias,1,20,1.0,1.0,1.0,0.020630760061752733,0.03379827320563382,0.026279866273754688
entity_resolution,baseline_noul,dspy,43,temperature_bias,2,20,1.0,1.0,1.0,0.014841540530552335,0.02718779500407188,0.022144356354247056
entity_resolution,baseline_noul,dspy,71,raw,0,20,1.0,1.0,1.0,0.04367000000000001,0.10965402881685873,0.0955
entity_resolution,baseline_noul,dspy,71,raw,1,20,1.0,1.0,1.0,0.04311000000000001,0.10856149140902042,0.0945
entity_resolution,baseline_noul,dspy,71,raw,2,20,1.0,1.0,1.0,0.040170000000000004,0.105382251448031,0.0925
entity_resolution,baseline_noul,dspy,71,temperature,0,20,1.0,1.0,1.0,0.00793675327386123,0.020920689518422977,0.018498087432408314
entity_resolution,baseline_noul,dspy,71,temperature,1,20,1.0,1.0,1.0,0.009489748941695995,0.022269002952159063,0.01929049351018891
entity_resolution,baseline_noul,dspy,71,temperature,2,20,1.0,1.0,1.0,0.006321811884420106,0.017749999759569444,0.01585871684986038
entity_resolution,baseline_noul,dspy,71,temperature_bias,0,20,1.0,1.0,1.0,0.0076739555524053035,0.020648097627971113,0.018316769689274176
entity_resolution,baseline_noul,dspy,71,temperature_bias,1,20,1.0,1.0,1.0,0.009179023374736599,0.021952358747346943,0.019085814233655844
entity_resolution,baseline_noul,dspy,71,temperature_bias,2,20,1.0,1.0,1.0,0.006093546374768295,0.017484719473173288,0.015669471801413603
entity_resolution,baseline_noul,dspy,101,raw,0,20,1.0,1.0,1.0,0.0473,0.11307576669700133,0.097
entity_resolution,baseline_noul,dspy,101,raw,1,20,0.95,0.8857142857142857,0.7934920476158722,0.049940000000000005,0.11627264813583656,0.099
entity_resolution,baseline_noul,dspy,101,raw,2,20,1.0,1.0,1.0,0.04540000000000001,0.11308979836201627,0.09799999999999999
entity_resolution,baseline_noul,dspy,101,temperature,0,20,1.0,1.0,1.0,0.021851731499079263,0.03500970142951321,0.026925929795591518
entity_resolution,baseline_noul,dspy,101,temperature,1,20,0.95,0.8857142857142857,0.7934920476158722,0.02885023897223299,0.042138422870308376,0.030545120405812542
entity_resolution,baseline_noul,dspy,101,temperature,2,20,1.0,1.0,1.0,0.01584752359381889,0.028444146734522606,0.022988685634751236
entity_resolution,baseline_noul,dspy,101,temperature_bias,0,20,1.0,1.0,1.0,0.019982973940765956,0.03327972841597436,0.026057408628028994
entity_resolution,baseline_noul,dspy,101,temperature_bias,1,20,0.95,0.8857142857142857,0.7934920476158722,0.0267477431546899,0.04019039120249726,0.02970987437712509
entity_resolution,baseline_noul,dspy,101,temperature_bias,2,20,1.0,1.0,1.0,0.01427557252878359,0.026914447211052784,0.0221012604855122
entity_resolution,identity_contract,baseline,0,raw,0,20,0.95,0.9134199134199135,0.8401680504168059,0.05469,0.09421654273818478,0.07349999999999995
entity_resolution,identity_contract,baseline,0,raw,1,20,0.95,0.9134199134199135,0.8401680504168059,0.06157,0.10233709991433745,0.03750000000000004
entity_resolution,identity_contract,baseline,0,raw,2,20,1.0,1.0,1.0,0.04761,0.08731824166727387,0.07050000000000002
entity_resolution,identity_contract,baseline,0,temperature,0,20,0.95,0.9134199134199135,0.8401680504168059,0.052786798734607024,0.0713649581910853,0.04436371582318582
entity_resolution,identity_contract,baseline,0,temperature,1,20,0.95,0.9134199134199135,0.8401680504168059,0.06357314699810748,0.08667643919151934,0.027587358141873585
entity_resolution,identity_contract,baseline,0,temperature,2,20,1.0,1.0,1.0,0.02749611772937378,0.044495092073108936,0.03414107260473542
entity_resolution,identity_contract,baseline,0,temperature_bias,0,20,1.0,1.0,1.0,0.021240676157666984,0.03632127427217148,0.02866468347616792
entity_resolution,identity_contract,baseline,0,temperature_bias,1,20,0.95,0.9134199134199135,0.8401680504168059,0.027135808830575463,0.044068294754706576,0.03380616587438934
entity_resolution,identity_contract,baseline,0,temperature_bias,2,20,1.0,1.0,1.0,0.009372998120093647,0.02369596053787222,0.020817969962097903
entity_resolution,identity_contract,dspy,17,raw,0,20,1.0,1.0,1.0,0.01296,0.04077753720969375,0.03699999999999992
entity_resolution,identity_contract,dspy,17,raw,1,20,1.0,1.0,1.0,0.013439999999999999,0.040926365980795125,0.037000000000000026
entity_resolution,identity_contract,dspy,17,raw,2,20,1.0,1.0,1.0,0.01195,0.0379719301125203,0.034499999999999954
entity_resolution,identity_contract,dspy,17,temperature,0,20,1.0,1.0,1.0,0.0003899517474931299,0.004773678962596674,0.0046728705276084526
entity_resolution,identity_contract,dspy,17,temperature,1,20,1.0,1.0,1.0,0.0004167193017319998,0.005027096442152489,0.0049193939121837
entity_resolution,identity_contract,dspy,17,temperature,2,20,1.0,1.0,1.0,0.0003516084157186766,0.00431034645126281,0.004219344688848281
entity_resolution,identity_contract,dspy,17,temperature_bias,0,20,1.0,1.0,1.0,0.000307572082420829,0.004416389999803693,0.0043373665177744766
entity_resolution,identity_contract,dspy,17,temperature_bias,1,20,1.0,1.0,1.0,0.0003392788204590963,0.00469438083813557,0.004607171160293433
entity_resolution,identity_contract,dspy,17,temperature_bias,2,20,1.0,1.0,1.0,0.000262535812912955,0.003910236813227358,0.003842752411030048
entity_resolution,identity_contract,dspy,29,raw,0,20,0.95,0.9134199134199135,0.8401680504168059,0.05542999999999999,0.09592326847862467,0.03450000000000004
entity_resolution,identity_contract,dspy,29,raw,1,20,0.95,0.9134199134199135,0.8401680504168059,0.05774,0.09854097078335364,0.07699999999999996
entity_resolution,identity_contract,dspy,29,raw,2,20,0.95,0.9134199134199135,0.8401680504168059,0.050249999999999996,0.0904839033816007,0.07249999999999995
entity_resolution,identity_contract,dspy,29,temperature,0,20,0.95,0.9134199134199135,0.8401680504168059,0.0448106750066898,0.06404414977012107,0.04453525919752844
entity_resolution,identity_contract,dspy,29,temperature,1,20,0.95,0.9134199134199135,0.8401680504168059,0.050557941710891785,0.07037172083901877,0.045940745824881404
entity_resolution,identity_contract,dspy,29,temperature,2,20,0.95,0.9134199134199135,0.8401680504168059,0.03371000397844302,0.05051235636840433,0.036702992652197904
entity_resolution,identity_contract,dspy,29,temperature_bias,0,20,1.0,1.0,1.0,0.016269572057730032,0.03271581176171508,0.027330727316374353
entity_resolution,identity_contract,dspy,29,temperature_bias,1,20,1.0,1.0,1.0,0.019643661259299165,0.035967933117401096,0.02909828291146015
entity_resolution,identity_contract,dspy,29,temperature_bias,2,20,1.0,1.0,1.0,0.01181425645700306,0.02636719962593296,0.02258666422225273
entity_resolution,identity_contract,dspy,43,raw,0,20,1.0,1.0,1.0,0.014099999999999998,0.04118905068522994,0.037000000000000026
entity_resolution,identity_contract,dspy,43,raw,1,20,1.0,1.0,1.0,0.012839999999999999,0.03975448361612673,0.036000000000000025
entity_resolution,identity_contract,dspy,43,raw,2,20,1.0,1.0,1.0,0.011770000000000001,0.037918634673116486,0.03450000000000003
entity_resolution,identity_contract,dspy,43,temperature,0,20,1.0,1.0,1.0,0.0009810057606815699,0.007151820728932269,0.006891636120577438
entity_resolution,identity_contract,dspy,43,temperature,1,20,1.0,1.0,1.0,0.0005923541497937174,0.0059322186327566175,0.005778108319820063
entity_resolution,identity_contract,dspy,43,temperature,2,20,1.0,1.0,1.0,0.0005020797168648166,0.005235411764449864,0.005104633778158352
entity_resolution,identity_contract,dspy,43,temperature_bias,0,20,1.0,1.0,1.0,0.0008474900392993123,0.006811630386053183,0.006588017789418643
entity_resolution,identity_contract,dspy,43,temperature_bias,1,20,1.0,1.0,1.0,0.000522770792150289,0.005717674898252036,0.005582096494522482
entity_resolution,identity_contract,dspy,43,temperature_bias,2,20,1.0,1.0,1.0,0.000443896710237457,0.0050778881067602335,0.004962659390198532
entity_resolution,identity_contract,dspy,71,raw,0,20,1.0,1.0,1.0,0.018109999999999998,0.04511065103808666,0.039499999999999966
entity_resolution,identity_contract,dspy,71,raw,1,20,1.0,1.0,1.0,0.018009999999999998,0.04508043773122739,0.03950000000000004
entity_resolution,identity_contract,dspy,71,raw,2,20,1.0,1.0,1.0,0.015179999999999999,0.04159006584294538,0.03700000000000002
entity_resolution,identity_contract,dspy,71,temperature,0,20,1.0,1.0,1.0,0.002823975286142255,0.012003096910840016,0.01121868936772404
entity_resolution,identity_contract,dspy,71,temperature,1,20,1.0,1.0,1.0,0.0028212249181420014,0.011945553644071152,0.011161839783419253
entity_resolution,identity_contract,dspy,71,temperature,2,20,1.0,1.0,1.0,0.001611786625501713,0.008981301946138663,0.00854574629764498
entity_resolution,identity_contract,dspy,71,temperature_bias,0,20,1.0,1.0,1.0,0.002324686465830932,0.011105497880352574,0.010467282055479848
entity_resolution,identity_contract,dspy,71,temperature_bias,1,20,1.0,1.0,1.0,0.0023188491788598267,0.011011383830038371,0.010374645618169993
entity_resolution,identity_contract,dspy,71,temperature_bias,2,20,1.0,1.0,1.0,0.001345435250194107,0.008378939927623025,0.008018232831229882
entity_resolution,identity_contract,dspy,101,raw,0,20,1.0,1.0,1.0,0.02399,0.050659874075904575,0.04249999999999994
entity_resolution,identity_contract,dspy,101,raw,1,20,1.0,1.0,1.0,0.02506999999999999,0.052116551050420956,0.04349999999999994
entity_resolution,identity_contract,dspy,101,raw,2,20,1.0,1.0,1.0,0.01727,0.043888365396217065,0.03850000000000005
entity_resolution,identity_contract,dspy,101,temperature,0,20,1.0,1.0,1.0,0.012137837398525102,0.023814142188293974,0.019840576454036186
entity_resolution,identity_contract,dspy,101,temperature,1,20,1.0,1.0,1.0,0.013691691988005555,0.0256607580549659,0.021089760697898908
entity_resolution,identity_contract,dspy,101,temperature,2,20,1.0,1.0,1.0,0.0035085491605361583,0.012758422869135241,0.011762669639778595
entity_resolution,identity_contract,dspy,101,temperature_bias,0,20,1.0,1.0,1.0,0.007469373104553613,0.018114202911764563,0.015828635241682053
entity_resolution,identity_contract,dspy,101,temperature_bias,1,20,1.0,1.0,1.0,0.008459672104931879,0.019516353410930644,0.01689004513098117
entity_resolution,identity_contract,dspy,101,temperature_bias,2,20,1.0,1.0,1.0,0.0021903859444540106,0.010140887662567637,0.00953739796780979
entity_resolution,identity_noul,baseline,0,raw,0,20,0.95,0.9134199134199135,0.8401680504168059,0.09028,0.1586973239806076,0.08499999999999998
entity_resolution,identity_noul,baseline,0,raw,1,20,0.95,0.9134199134199135,0.8401680504168059,0.09315000000000001,0.16283986213522408,0.08750000000000002
entity_resolution,identity_noul,baseline,0,raw,2,20,0.95,0.9134199134199135,0.8401680504168059,0.08399,0.15283741379493276,0.07650000000000004
entity_resolution,identity_noul,baseline,0,temperature,0,20,0.95,0.9134199134199135,0.8401680504168059,0.09439965258095558,0.1418459526692472,0.058151478907970594
entity_resolution,identity_noul,baseline,0,temperature,1,20,0.95,0.9134199134199135,0.8401680504168059,0.10510367872246384,0.1589940980965325,0.0729058888336161
entity_resolution,identity_noul,baseline,0,temperature,2,20,0.95,0.9134199134199135,0.8401680504168059,0.07694766959524577,0.10950937212150644,0.050307619018037944
entity_resolution,identity_noul,baseline,0,temperature_bias,0,20,0.95,0.9134199134199135,0.8401680504168059,0.03088423347063629,0.05075576460332295,0.03872786873338846
entity_resolution,identity_noul,baseline,0,temperature_bias,1,20,0.95,0.9134199134199135,0.8401680504168059,0.035812198433038074,0.056416755794091014,0.04198011589745275
entity_resolution,identity_noul,baseline,0,temperature_bias,2,20,1.0,1.0,1.0,0.020467497168011984,0.039231914074080686,0.03208144002720326
entity_resolution,identity_noul,dspy,17,raw,0,20,1.0,1.0,1.0,0.03828000000000001,0.1001925969263024,0.08799999999999997
entity_resolution,identity_noul,dspy,17,raw,1,20,1.0,1.0,1.0,0.03795000000000001,0.10055485521497029,0.0885
entity_resolution,identity_noul,dspy,17,raw,2,20,1.0,1.0,1.0,0.036070000000000005,0.09783957518024503,0.08649999999999998
entity_resolution,identity_noul,dspy,17,temperature,0,20,1.0,1.0,1.0,0.0052738344965271395,0.017814924919065566,0.016283296339896853
entity_resolution,identity_noul,dspy,17,temperature,1,20,1.0,1.0,1.0,0.005169162156704488,0.017376550890777356,0.015872788435344724
entity_resolution,identity_noul,dspy,17,temperature,2,20,1.0,1.0,1.0,0.004101039662294172,0.015157777811055128,0.01398214542209103
entity_resolution,identity_noul,dspy,17,temperature_bias,0,20,1.0,1.0,1.0,0.005865241890829689,0.018521149308892138,0.01679652713361023
entity_resolution,identity_noul,dspy,17,temperature_bias,1,20,1.0,1.0,1.0,0.00576911256038207,0.01810430238535717,0.016405208732508003
entity_resolution,identity_noul,dspy,17,temperature_bias,2,20,1.0,1.0,1.0,0.004620520593878314,0.01585064018736425,0.014511149877836988
entity_resolution,identity_noul,dspy,29,raw,0,20,0.95,0.9134199134199135,0.8401680504168059,0.08626000000000002,0.16572305391043274,0.08800000000000005
entity_resolution,identity_noul,dspy,29,raw,1,20,0.95,0.9134199134199135,0.8401680504168059,0.08494000000000002,0.16332138941731814,0.08899999999999998
entity_resolution,identity_noul,dspy,29,raw,2,20,0.95,0.9134199134199135,0.8401680504168059,0.08104000000000003,0.1592056048592372,0.08799999999999998
entity_resolution,identity_noul,dspy,29,temperature,0,20,0.95,0.9134199134199135,0.8401680504168059,0.07732426441169983,0.1085117567754702,0.059245156135577404
entity_resolution,identity_noul,dspy,29,temperature,1,20,0.95,0.9134199134199135,0.8401680504168059,0.07713613526664928,0.11120128591917629,0.03834206762857617
entity_resolution,identity_noul,dspy,29,temperature,2,20,0.95,0.9134199134199135,0.8401680504168059,0.05969224899583016,0.0828894974552827,0.04975061624819947
entity_resolution,identity_noul,dspy,29,temperature_bias,0,20,1.0,1.0,1.0,0.02703096102531303,0.04480588258097546,0.03462750926255973
entity_resolution,identity_noul,dspy,29,temperature_bias,1,20,0.95,0.9134199134199135,0.8401680504168059,0.030218453324085986,0.04665711652324343,0.0345598881504838
entity_resolution,identity_noul,dspy,29,temperature_bias,2,20,1.0,1.0,1.0,0.01834128134765458,0.034511088523765276,0.028134102178314125
entity_resolution,identity_noul,dspy,43,raw,0,20,1.0,1.0,1.0,0.04093000000000001,0.10627427951874144,0.09350000000000001
entity_resolution,identity_noul,dspy,43,raw,1,20,1.0,1.0,1.0,0.04538000000000002,0.11137955567156774,0.09700000000000003
entity_resolution,identity_noul,dspy,43,raw,2,20,1.0,1.0,1.0,0.03950000000000002,0.10516032225941643,0.09300000000000001
entity_resolution,identity_noul,dspy,43,temperature,0,20,1.0,1.0,1.0,0.0013430387819643296,0.008936661366755808,0.008576496512935516
entity_resolution,identity_noul,dspy,43,temperature,1,20,1.0,1.0,1.0,0.002362997879758677,0.012025590319470885,0.011375050407363734
entity_resolution,identity_noul,dspy,43,temperature,2,20,1.0,1.0,1.0,0.0005920940521363991,0.006689590591838733,0.006535533816029471
entity_resolution,identity_noul,dspy,43,temperature_bias,0,20,1.0,1.0,1.0,0.0010981435023652958,0.008538409239650801,0.008246861849619157
entity_resolution,identity_noul,dspy,43,temperature_bias,1,20,1.0,1.0,1.0,0.0018808320895845967,0.011278326908817351,0.01076814840939681
entity_resolution,identity_noul,dspy,43,temperature_bias,2,20,1.0,1.0,1.0,0.0005250854321606279,0.006654020686422546,0.0065181183737880845
entity_resolution,identity_noul,dspy,71,raw,0,20,1.0,1.0,1.0,0.04443000000000001,0.11055185492804784,0.09650000000000002
entity_resolution,identity_noul,dspy,71,raw,1,20,1.0,1.0,1.0,0.04369000000000002,0.10922669437073865,0.09550000000000006
entity_resolution,identity_noul,dspy,71,raw,2,20,1.0,1.0,1.0,0.041260000000000005,0.10681162067420887,0.09400000000000003
entity_resolution,identity_noul,dspy,71,temperature,0,20,1.0,1.0,1.0,0.001703241981807756,0.01045441534461423,0.0099957964297811
entity_resolution,identity_noul,dspy,71,temperature,1,20,1.0,1.0,1.0,0.0012678135779736273,0.009192534053432774,0.00885515485771101
entity_resolution,identity_noul,dspy,71,temperature,2,20,1.0,1.0,1.0,0.0006451844019542865,0.00709013805213483,0.006922899313298636
entity_resolution,identity_noul,dspy,71,temperature_bias,0,20,1.0,1.0,1.0,0.0013019972305743865,0.00951123920093357,0.009164808473831536
entity_resolution,identity_noul,dspy,71,temperature_bias,1,20,1.0,1.0,1.0,0.0009948804325220636,0.008553810362901714,0.008291612052940423
entity_resolution,identity_noul,dspy,71,temperature_bias,2,20,1.0,1.0,1.0,0.0005412816316860871,0.006776319465729798,0.006636592188679913
entity_resolution,identity_noul,dspy,101,raw,0,20,1.0,1.0,1.0,0.04587000000000002,0.11405626747977164,0.0995
entity_resolution,identity_noul,dspy,101,raw,1,20,1.0,1.0,1.0,0.04458000000000002,0.11302186643707793,0.09900000000000006
entity_resolution,identity_noul,dspy,101,raw,2,20,1.0,1.0,1.0,0.042740000000000014,0.10929891927050253,0.09600000000000003
entity_resolution,identity_noul,dspy,101,temperature,0,20,1.0,1.0,1.0,0.0032101665410956305,0.013548057002487502,0.012645782363676162
entity_resolution,identity_noul,dspy,101,temperature,1,20,1.0,1.0,1.0,0.002000126101151462,0.011372243968863384,0.010828848994555829
entity_resolution,identity_noul,dspy,101,temperature,2,20,1.0,1.0,1.0,0.0009939984824122708,0.008907034641457746,0.008646218506697955
entity_resolution,identity_noul,dspy,101,temperature_bias,0,20,1.0,1.0,1.0,0.00230137639550589,0.012142092471365343,0.01150994274774943
entity_resolution,identity_noul,dspy,101,temperature_bias,1,20,1.0,1.0,1.0,0.0014921622226693424,0.01038926293200362,0.009989952935964186
entity_resolution,identity_noul,dspy,101,temperature_bias,2,20,1.0,1.0,1.0,0.0008246957167561053,0.008659136962890184,0.008444450978464246
entity_resolution,fewshot_contract,baseline,0,raw,0,20,1.0,1.0,1.0,0.014199999999999996,0.03924100028425394,0.03499999999999991
entity_resolution,fewshot_contract,baseline,0,raw,1,20,1.0,1.0,1.0,0.01573,0.04132101092964449,0.03649999999999999
entity_resolution,fewshot_contract,baseline,0,raw,2,20,1.0,1.0,1.0,0.011960000000000002,0.0355597054049263,0.031999999999999994
entity_resolution,fewshot_contract,baseline,0,temperature,0,20,1.0,1.0,1.0,0.002036357350093645,0.011136619565385364,0.010585647538338589
entity_resolution,fewshot_contract,baseline,0,temperature,1,20,1.0,1.0,1.0,0.0033559464027791744,0.013251813911468189,0.012305574037935597
entity_resolution,fewshot_contract,baseline,0,temperature,2,20,1.0,1.0,1.0,0.0017310523217572444,0.009290242332441528,0.008819364961030968
entity_resolution,fewshot_contract,baseline,0,temperature_bias,0,20,1.0,1.0,1.0,0.0017277233029608387,0.010571617074947762,0.010108272204528184
entity_resolution,fewshot_contract,baseline,0,temperature_bias,1,20,1.0,1.0,1.0,0.0027991859001241094,0.012482855265817579,0.011704868940384316
entity_resolution,fewshot_contract,baseline,0,temperature_bias,2,20,1.0,1.0,1.0,0.0014517110420434697,0.008781788030305222,0.008390520992000078
entity_resolution,fewshot_contract,dspy,17,raw,0,20,1.0,1.0,1.0,0.01372,0.03906947352941447,0.03499999999999999
entity_resolution,fewshot_contract,dspy,17,raw,1,20,1.0,1.0,1.0,0.0158,0.04088817685080691,0.03599999999999999
entity_resolution,fewshot_contract,dspy,17,raw,2,20,1.0,1.0,1.0,0.012030000000000002,0.03704317589191507,0.033499999999999974
entity_resolution,fewshot_contract,dspy,17,temperature,0,20,1.0,1.0,1.0,0.001924098231318463,0.01108031347557845,0.010562346921277842
entity_resolution,fewshot_contract,dspy,17,temperature,1,20,1.0,1.0,1.0,0.004011504116367635,0.014170940651569855,0.013021753985049279
entity_resolution,fewshot_contract,dspy,17,temperature,2,20,1.0,1.0,1.0,0.0016136628145832798,0.009544328401335215,0.009108244710233037
entity_resolution,fewshot_contract,dspy,17,temperature_bias,0,20,1.0,1.0,1.0,0.001612312086277759,0.010516049125889843,0.0100860726505271
entity_resolution,fewshot_contract,dspy,17,temperature_bias,1,20,1.0,1.0,1.0,0.0032329043486631947,0.013133455019772877,0.012224092339156821
entity_resolution,fewshot_contract,dspy,17,temperature_bias,2,20,1.0,1.0,1.0,0.001358825729232219,0.009165002398842225,0.008801584246861616
entity_resolution,fewshot_contract,dspy,29,raw,0,20,1.0,1.0,1.0,0.014989999999999998,0.04099235573263862,0.0365
entity_resolution,fewshot_contract,dspy,29,raw,1,20,1.0,1.0,1.0,0.01675,0.04267526984849223,0.03749999999999999
entity_resolution,fewshot_contract,dspy,29,raw,2,20,1.0,1.0,1.0,0.01193,0.03600813890406431,0.03249999999999998
entity_resolution,fewshot_contract,dspy,29,temperature,0,20,1.0,1.0,1.0,0.0022675761018600984,0.011773678498104989,0.011155281488366281
entity_resolution,fewshot_contract,dspy,29,temperature,1,20,1.0,1.0,1.0,0.003884814604365507,0.014321061599480775,0.013215094347243168
entity_resolution,fewshot_contract,dspy,29,temperature,2,20,1.0,1.0,1.0,0.0013513822480112762,0.008864164818969813,0.008503517399038207
entity_resolution,fewshot_contract,dspy,29,temperature_bias,0,20,1.0,1.0,1.0,0.0019295800499666606,0.011266421715041088,0.010745971985034042
entity_resolution,fewshot_contract,dspy,29,temperature_bias,1,20,1.0,1.0,1.0,0.0031934654284293215,0.01337427525220666,0.012479850126411523
entity_resolution,fewshot_contract,dspy,29,temperature_bias,2,20,1.0,1.0,1.0,0.0011390888770175423,0.00840212477696651,0.008100318559180053
entity_resolution,fewshot_contract,dspy,43,raw,0,20,1.0,1.0,1.0,0.014050000000000002,0.03967734327556121,0.03549999999999999
entity_resolution,fewshot_contract,dspy,43,raw,1,20,1.0,1.0,1.0,0.01656,0.04307378091094039,0.03800000000000006
entity_resolution,fewshot_contract,dspy,43,raw,2,20,1.0,1.0,1.0,0.012660000000000001,0.03776021675968651,0.033999999999999975
entity_resolution,fewshot_contract,dspy,43,temperature,0,20,1.0,1.0,1.0,0.001990003053360841,0.011103063362834795,0.010563725326326497
entity_resolution,fewshot_contract,dspy,43,temperature,1,20,1.0,1.0,1.0,0.0035662776997783057,0.014175748992221831,0.013171348634740392
entity_resolution,fewshot_contract,dspy,43,temperature,2,20,1.0,1.0,1.0,0.0018339863251449755,0.009979106130399523,0.009480305515669113
entity_resolution,fewshot_contract,dspy,43,temperature_bias,0,20,1.0,1.0,1.0,0.0016954437331304431,0.010691872206556255,0.010237478528396553
entity_resolution,fewshot_contract,dspy,43,temperature_bias,1,20,1.0,1.0,1.0,0.002902008420782369,0.013233403934015583,0.012429316276106417
entity_resolution,fewshot_contract,dspy,43,temperature_bias,2,20,1.0,1.0,1.0,0.0015122641853565829,0.009433475173424893,0.009026630677482078
entity_resolution,fewshot_contract,dspy,71,raw,0,20,1.0,1.0,1.0,0.014479999999999998,0.04032155819698281,0.03599999999999999
entity_resolution,fewshot_contract,dspy,71,raw,1,20,1.0,1.0,1.0,0.01684,0.04221073615516539,0.036999999999999915
entity_resolution,fewshot_contract,dspy,71,raw,2,20,1.0,1.0,1.0,0.013319999999999999,0.03799300054914317,0.03400000000000008
entity_resolution,fewshot_contract,dspy,71,temperature,0,20,1.0,1.0,1.0,0.0020609782882337847,0.01135981046443673,0.010802349897560775
entity_resolution,fewshot_contract,dspy,71,temperature,1,20,1.0,1.0,1.0,0.003984268521107802,0.014580090375134299,0.013445972507071236
entity_resolution,fewshot_contract,dspy,71,temperature,2,20,1.0,1.0,1.0,0.0021240700207228397,0.010583112354832263,0.010001269366121012
entity_resolution,fewshot_contract,dspy,71,temperature_bias,0,20,1.0,1.0,1.0,0.0017533305529338638,0.010845220348103705,0.010375446474157939
entity_resolution,fewshot_contract,dspy,71,temperature_bias,1,20,1.0,1.0,1.0,0.0032666098342108694,0.01354550909729052,0.012630324206251736
entity_resolution,fewshot_contract,dspy,71,temperature_bias,2,20,1.0,1.0,1.0,0.0017593916705359197,0.009922470970286854,0.009445554952437351
entity_resolution,fewshot_contract,dspy,101,raw,0,20,1.0,1.0,1.0,0.015139999999999997,0.041513705626594774,0.03699999999999999
entity_resolution,fewshot_contract,dspy,101,raw,1,20,1.0,1.0,1.0,0.01583,0.041356474439181404,0.03649999999999998
entity_resolution,fewshot_contract,dspy,101,raw,2,20,1.0,1.0,1.0,0.012320000000000001,0.0366398946399592,0.032999999999999995
entity_resolution,fewshot_contract,dspy,101,temperature,0,20,1.0,1.0,1.0,0.0021089317541321652,0.01183486636186889,0.011265107449482304
entity_resolution,fewshot_contract,dspy,101,temperature,1,20,1.0,1.0,1.0,0.0034019574404645786,0.013392310252310946,0.012433643462476697
entity_resolution,fewshot_contract,dspy,101,temperature,2,20,1.0,1.0,1.0,0.0015599981927148076,0.00938587590776994,0.008965938600241025
entity_resolution,fewshot_contract,dspy,101,temperature_bias,0,20,1.0,1.0,1.0,0.0018552809777472232,0.011478761578691992,0.010982031237883754
entity_resolution,fewshot_contract,dspy,101,temperature_bias,1,20,1.0,1.0,1.0,0.0028414815393158163,0.01257156859535448,0.01178163145935115
entity_resolution,fewshot_contract,dspy,101,temperature_bias,2,20,1.0,1.0,1.0,0.0013346737404365916,0.008973969250380767,0.008617526436575495
relation_support,baseline_choice,baseline,0,raw,0,20,0.95,0.9484702093397747,0.9181705804946891,0.054779999999999995,0.09694833727075727,0.02899999999999997
relation_support,baseline_choice,baseline,0,raw,1,20,0.95,0.9484702093397747,0.9181705804946891,0.0673,0.11270179806185428,0.03600000000000003
relation_support,baseline_choice,baseline,0,raw,2,20,0.95,0.9484702093397747,0.9181705804946891,0.061619999999999994,0.106224729315553,0.03550000000000004
relation_support,baseline_choice,baseline,0,temperature,0,20,0.95,0.9484702093397747,0.9181705804946891,0.19097841217610792,0.3229054854843074,0.22478271084103674
relation_support,baseline_choice,baseline,0,temperature,1,20,0.95,0.9484702093397747,0.9181705804946891,0.2065700690649815,0.3482275180506388,0.2436265839919407
relation_support,baseline_choice,baseline,0,temperature,2,20,0.95,0.9484702093397747,0.9181705804946891,0.21587169659802835,0.36625762916481586,0.25877316131978634
relation_support,baseline_choice,baseline,0,temperature_bias,0,20,0.95,0.939047619047619,0.9124276803367268,0.18908844488823573,0.31026635184167806,0.16849596333820555
relation_support,baseline_choice,baseline,0,temperature_bias,1,20,0.85,0.7944444444444444,0.7455777916396407,0.22280793665854529,0.3533931577520022,0.13514637296132231
relation_support,baseline_choice,baseline,0,temperature_bias,2,20,0.85,0.7944444444444444,0.7455777916396407,0.2299555970760459,0.36929026743732135,0.15129952201363275
relation_support,baseline_choice,dspy,17,raw,0,20,0.95,0.9484702093397747,0.9181705804946891,0.0617,0.10363046480520625,0.03249999999999998
relation_support,baseline_choice,dspy,17,raw,1,20,0.95,0.9484702093397747,0.9181705804946891,0.06647999999999998,0.11272713131081528,0.037500000000000026
relation_support,baseline_choice,dspy,17,raw,2,20,0.95,0.9484702093397747,0.9181705804946891,0.06299,0.10574999591985035,0.03149999999999999
relation_support,baseline_choice,dspy,17,temperature,0,20,0.95,0.9484702093397747,0.9181705804946891,0.18885343954243083,0.3194921405196812,0.22234431418230038
relation_support,baseline_choice,dspy,17,temperature,1,20,0.95,0.9484702093397747,0.9181705804946891,0.20466224740768038,0.34441677384489144,0.24147588330721217
relation_support,baseline_choice,dspy,17,temperature,2,20,0.95,0.9484702093397747,0.9181705804946891,0.18986887543903982,0.3208678717144308,0.22291478144671437
relation_support,baseline_choice,dspy,17,temperature_bias,0,20,0.9,0.8875661375661376,0.8251204038343015,0.1877188845757119,0.3087253788214449,0.16558014880956318
relation_support,baseline_choice,dspy,17,temperature_bias,1,20,0.85,0.7944444444444444,0.7455777916396407,0.2209844966127827,0.35121842146052673,0.13729554275664363
relation_support,baseline_choice,dspy,17,temperature_bias,2,20,0.85,0.7944444444444444,0.7455777916396407,0.20435966934592953,0.32566643024249553,0.12342863182800075
relation_support,baseline_choice,dspy,29,raw,0,20,0.9,0.903030303030303,0.8485552916276634,0.06672,0.1086796090443924,0.07999999999999996
relation_support,baseline_choice,dspy,29,raw,1,20,0.95,0.9484702093397747,0.9181705804946891,0.06800999999999999,0.11480784471393553,0.03800000000000005
relation_support,baseline_choice,dspy,29,raw,2,20,0.95,0.9484702093397747,0.9181705804946891,0.06531,0.1089870058982795,0.03249999999999997
relation_support,baseline_choice,dspy,29,temperature,0,20,0.9,0.903030303030303,0.8485552916276634,0.1901026703356317,0.3209892192291911,0.17833012322433187
relation_support,baseline_choice,dspy,29,temperature,1,20,0.95,0.9484702093397747,0.9181705804946891,0.20380177003106068,0.34350985100208753,0.24019532507575678
relation_support,baseline_choice,dspy,29,temperature,2,20,0.95,0.9484702093397747,0.9181705804946891,0.21145252410220167,0.3597188992625205,0.2549123835517156
relation_support,baseline_choice,dspy,29,temperature_bias,0,20,0.8,0.7545015371102327,0.6755622278080391,0.2063319978017079,0.3272624298359819,0.07306854701714498
relation_support,baseline_choice,dspy,29,temperature_bias,1,20,0.85,0.7944444444444444,0.7455777916396407,0.22290956700117093,0.3527374799547291,0.13706870115076944
relation_support,baseline_choice,dspy,29,temperature_bias,2,20,0.8,0.7545015371102327,0.6755622278080391,0.2290308906190615,0.36747260870584875,0.15529095111896168
relation_support,baseline_choice,dspy,43,raw,0,20,0.95,0.9484702093397747,0.9181705804946891,0.06097000000000001,0.10363253263317249,0.03149999999999998
relation_support,baseline_choice,dspy,43,raw,1,20,0.95,0.9484702093397747,0.9181705804946891,0.06897,0.11388615794786719,0.08350000000000003
relation_support,baseline_choice,dspy,43,raw,2,20,0.95,0.9484702093397747,0.9181705804946891,0.06848999999999998,0.11244519538317485,0.08250000000000005
relation_support,baseline_choice,dspy,43,temperature,0,20,0.95,0.9484702093397747,0.9181705804946891,0.19089681269858882,0.3222039516409704,0.22412153847567404
relation_support,baseline_choice,dspy,43,temperature,1,20,0.95,0.9484702093397747,0.9181705804946891,0.20482273458084155,0.34553925239657546,0.24200403280431904
relation_support,baseline_choice,dspy,43,temperature,2,20,0.95,0.9484702093397747,0.9181705804946891,0.21422391325442297,0.36379056111739805,0.25714097730794727
relation_support,baseline_choice,dspy,43,temperature_bias,0,20,0.9,0.8875661375661376,0.8251204038343015,0.18810293453624355,0.3096996035793217,0.16474901174554643
relation_support,baseline_choice,dspy,43,temperature_bias,1,20,0.85,0.7944444444444444,0.7455777916396407,0.21820299899013298,0.34901778201677014,0.13833493603109984
relation_support,baseline_choice,dspy,43,temperature_bias,2,20,0.85,0.7944444444444444,0.7455777916396407,0.22658495600415168,0.3661472603451286,0.15581842327740694
relation_support,baseline_choice,dspy,71,raw,0,20,0.95,0.9484702093397747,0.9181705804946891,0.05786000000000001,0.10043504204611527,0.030999999999999993
relation_support,baseline_choice,dspy,71,raw,1,20,0.95,0.9484702093397747,0.9181705804946891,0.05945000000000002,0.10454551599295477,0.035500000000000045
relation_support,baseline_choice,dspy,71,raw,2,20,0.95,0.9484702093397747,0.9181705804946891,0.06255999999999999,0.10764130003275743,0.03300000000000003
relation_support,baseline_choice,dspy,71,temperature,0,20,0.95,0.9484702093397747,0.9181705804946891,0.18736837054192534,0.3172435842711097,0.22102998332868004
relation_support,baseline_choice,dspy,71,temperature,1,20,0.95,0.9484702093397747,0.9181705804946891,0.1910224408055981,0.32108122822139074,0.22336009464293696
relation_support,baseline_choice,dspy,71,temperature,2,20,0.95,0.9484702093397747,0.9181705804946891,0.2116480860249402,0.3595069111890258,0.2547707625606361
relation_support,baseline_choice,dspy,71,temperature_bias,0,20,0.9,0.8875661375661376,0.8251204038343015,0.18744064752732642,0.3080641708347024,0.16567783791994944
relation_support,baseline_choice,dspy,71,temperature_bias,1,20,0.85,0.7944444444444444,0.7455777916396407,0.20693006738649894,0.3278071949683861,0.12267725504346874
relation_support,baseline_choice,dspy,71,temperature_bias,2,20,0.8,0.7545015371102327,0.6755622278080391,0.2273584398741443,0.3660663694475482,0.10659970929298265
relation_support,baseline_choice,dspy,101,raw,0,20,0.95,0.9484702093397747,0.9181705804946891,0.05888,0.09972278196515191,0.02649999999999999
relation_support,baseline_choice,dspy,101,raw,1,20,0.95,0.9484702093397747,0.9181705804946891,0.06693999999999999,0.11122538103582258,0.033500000000000016
relation_support,baseline_choice,dspy,101,raw,2,20,0.95,0.9484702093397747,0.9181705804946891,0.06261999999999998,0.10634407206935667,0.030500000000000048
relation_support,baseline_choice,dspy,101,temperature,0,20,0.95,0.9484702093397747,0.9181705804946891,0.18745122758676738,0.3174791119411708,0.22143006643244617
relation_support,baseline_choice,dspy,101,temperature,1,20,0.95,0.9484702093397747,0.9181705804946891,0.20923204291582173,0.3549036452167664,0.2477305156382216
relation_support,baseline_choice,dspy,101,temperature,2,20,0.95,0.9484702093397747,0.9181705804946891,0.21116365705766243,0.3591429139525507,0.2547444177771345
relation_support,baseline_choice,dspy,101,temperature_bias,0,20,0.95,0.939047619047619,0.9124276803367268,0.1834446737484738,0.3031247541656896,0.1642960958449128
relation_support,baseline_choice,dspy,101,temperature_bias,1,20,0.9,0.8385185185185184,0.8273951558890617,0.2189722878414318,0.3516144777741992,0.14157411924374255
relation_support,baseline_choice,dspy,101,temperature_bias,2,20,0.9,0.8385185185185184,0.8273951558890617,0.22306853536618543,0.3605490009103007,0.15368439701824876
relation_support,evidence_contract,baseline,0,raw,0,20,0.85,0.8614718614718614,0.7881647033140068,0.17770000000000002,0.2635476791571726,0.11300000000000002
relation_support,evidence_contract,baseline,0,raw,1,20,0.9,0.903030303030303,0.8485552916276634,0.17763999999999996,0.27271806872982735,0.09999999999999995
relation_support,evidence_contract,baseline,0,raw,2,20,0.9,0.903030303030303,0.8485552916276634,0.17892999999999998,0.27663742915718237,0.08949999999999997
relation_support,evidence_contract,baseline,0,temperature,0,20,0.85,0.8614718614718614,0.7881647033140068,0.23195147327253846,0.3785889903456471,0.1755720756129121
relation_support,evidence_contract,baseline,0,temperature,1,20,0.9,0.903030303030303,0.8485552916276634,0.23540223389763307,0.38293978384076155,0.16026865291121112
relation_support,evidence_contract,baseline,0,temperature,2,20,0.9,0.903030303030303,0.8485552916276634,0.25535556458092223,0.42098084734074304,0.1912579306028036
relation_support,evidence_contract,baseline,0,temperature_bias,0,20,0.95,0.939047619047619,0.9124276803367268,0.1379497706327567,0.2531414556019581,0.13033543899862454
relation_support,evidence_contract,baseline,0,temperature_bias,1,20,0.95,0.939047619047619,0.9124276803367268,0.1413929661851181,0.25744955370236433,0.13190539549459143
relation_support,evidence_contract,baseline,0,temperature_bias,2,20,0.9,0.8791208791208791,0.8230548917531015,0.16957317958129967,0.3011570123492812,0.11331258998537964
relation_support,evidence_contract,dspy,17,raw,0,20,0.9,0.903030303030303,0.8485552916276634,0.1759,0.26781597501648585,0.11149999999999999
relation_support,evidence_contract,dspy,17,raw,1,20,0.9,0.903030303030303,0.8485552916276634,0.17174,0.2603145373042241,0.09999999999999995
relation_support,evidence_contract,dspy,17,raw,2,20,0.9,0.903030303030303,0.8485552916276634,0.17484118253239464,0.26903634450770075,0.09690909090909089
relation_support,evidence_contract,dspy,17,temperature,0,20,0.9,0.903030303030303,0.8485552916276634,0.24106906194097832,0.39692641842948856,0.1730093701699093
relation_support,evidence_contract,dspy,17,temperature,1,20,0.9,0.903030303030303,0.8485552916276634,0.23719623330708545,0.3901590155006515,0.16512180917578975
relation_support,evidence_contract,dspy,17,temperature,2,20,0.9,0.903030303030303,0.8485552916276634,0.23237381755495642,0.37925872945463074,0.15770421912780258
relation_support,evidence_contract,dspy,17,temperature_bias,0,20,0.9,0.8791208791208791,0.8230548917531015,0.16854847892676422,0.29494319072718045,0.10997113451414252
relation_support,evidence_contract,dspy,17,temperature_bias,1,20,0.95,0.939047619047619,0.9124276803367268,0.14215944899967567,0.27110289233225493,0.13977871914571544
relation_support,evidence_contract,dspy,17,temperature_bias,2,20,0.95,0.939047619047619,0.9124276803367268,0.14206553186327403,0.2590727603585482,0.13653766567777453
relation_support,evidence_contract,dspy,29,raw,0,20,0.85,0.8614718614718614,0.7881647033140068,0.17547,0.26248631662348487,0.11099999999999999
relation_support,evidence_contract,dspy,29,raw,1,20,0.9,0.903030303030303,0.8485552916276634,0.18009999999999998,0.276786621834277,0.09850000000000003
relation_support,evidence_contract,dspy,29,raw,2,20,0.9,0.903030303030303,0.8485552916276634,0.18588999999999997,0.28808165551906684,0.10049999999999996
relation_support,evidence_contract,dspy,29,temperature,0,20,0.85,0.8614718614718614,0.7881647033140068,0.23758333162866402,0.3922653080199915,0.1865382903017279
relation_support,evidence_contract,dspy,29,temperature,1,20,0.9,0.903030303030303,0.8485552916276634,0.23057950476037986,0.3771718182429412,0.1548037436778155
relation_support,evidence_contract,dspy,29,temperature,2,20,0.9,0.903030303030303,0.8485552916276634,0.2334450855927249,0.3799058800626862,0.15553469398987516
relation_support,evidence_contract,dspy,29,temperature_bias,0,20,0.9,0.8791208791208791,0.8230548917531015,0.16168627952222575,0.28591802796416343,0.11152755255551433
relation_support,evidence_contract,dspy,29,temperature_bias,1,20,0.95,0.939047619047619,0.9124276803367268,0.1387680115897901,0.2538732793548878,0.12776112340500112
relation_support,evidence_contract,dspy,29,temperature_bias,2,20,0.95,0.939047619047619,0.9124276803367268,0.13756912814333844,0.2527515649850222,0.131585231108986
relation_support,evidence_contract,dspy,43,raw,0,20,0.85,0.8614718614718614,0.7881647033140068,0.17492999999999997,0.26102329194853496,0.10950000000000004
relation_support,evidence_contract,dspy,43,raw,1,20,0.9,0.903030303030303,0.8485552916276634,0.17252,0.26260635476029326,0.09899999999999996
relation_support,evidence_contract,dspy,43,raw,2,20,0.9,0.903030303030303,0.8485552916276634,0.17137999999999998,0.26489389807613445,0.08700000000000001
relation_support,evidence_contract,dspy,43,temperature,0,20,0.85,0.8614718614718614,0.7881647033140068,0.19337383672353592,0.3262106425303199,0.11299532012991262
relation_support,evidence_contract,dspy,43,temperature,1,20,0.9,0.903030303030303,0.8485552916276634,0.196799460212347,0.3302211818818303,0.1664851768094401
relation_support,evidence_contract,dspy,43,temperature,2,20,0.9,0.903030303030303,0.8485552916276634,0.20657863093097553,0.3588379389443739,0.16229984316450055
relation_support,evidence_contract,dspy,43,temperature_bias,0,20,0.95,0.939047619047619,0.9124276803367268,0.12501537664957396,0.22877509475124075,0.14112838369692784
relation_support,evidence_contract,dspy,43,temperature_bias,1,20,0.95,0.939047619047619,0.9124276803367268,0.11957765481984743,0.22351289072201236,0.1107821233770837
relation_support,evidence_contract,dspy,43,temperature_bias,2,20,0.95,0.939047619047619,0.9124276803367268,0.13367312379078483,0.2526431260672941,0.13601428451597292
relation_support,evidence_contract,dspy,71,raw,0,20,0.9,0.903030303030303,0.8485552916276634,0.17617,0.26876421655936916,0.108
relation_support,evidence_contract,dspy,71,raw,1,20,0.9,0.903030303030303,0.8485552916276634,0.17786,0.27161616979492736,0.09950000000000003
relation_support,evidence_contract,dspy,71,raw,2,20,0.9,0.903030303030303,0.8485552916276634,0.1708211825323946,0.2600646187811254,0.11240909090909085
relation_support,evidence_contract,dspy,71,temperature,0,20,0.9,0.903030303030303,0.8485552916276634,0.25030871475391836,0.40647991031968617,0.17900683679989426
relation_support,evidence_contract,dspy,71,temperature,1,20,0.9,0.903030303030303,0.8485552916276634,0.26189989062225083,0.4269094935244949,0.19533536529036738
relation_support,evidence_contract,dspy,71,temperature,2,20,0.9,0.903030303030303,0.8485552916276634,0.26542086559750333,0.43839353922312013,0.20157959816406426
relation_support,evidence_contract,dspy,71,temperature_bias,0,20,0.9,0.8791208791208791,0.8230548917531015,0.16002962996507347,0.28439283721479874,0.10495894152911225
relation_support,evidence_contract,dspy,71,temperature_bias,1,20,0.95,0.939047619047619,0.9124276803367268,0.1582606160683248,0.29019841458760587,0.1537696140144488
relation_support,evidence_contract,dspy,71,temperature_bias,2,20,0.9,0.8791208791208791,0.8230548917531015,0.18152595550453005,0.3177008770525929,0.11874585630519033
relation_support,evidence_contract,dspy,101,raw,0,20,0.85,0.8614718614718614,0.7881647033140068,0.17741999999999997,0.26749540947379113,0.10249999999999997
relation_support,evidence_contract,dspy,101,raw,1,20,0.9,0.903030303030303,0.8485552916276634,0.17629999999999998,0.2742563403298619,0.09999999999999998
relation_support,evidence_contract,dspy,101,raw,2,20,0.9,0.903030303030303,0.8485552916276634,0.17254999999999998,0.26603516202468924,0.09049999999999998
relation_support,evidence_contract,dspy,101,temperature,0,20,0.85,0.8614718614718614,0.7881647033140068,0.2507942185738531,0.4129144294941405,0.1542243873968962
relation_support,evidence_contract,dspy,101,temperature,1,20,0.9,0.903030303030303,0.8485552916276634,0.24024386881749718,0.39467289682468254,0.16632775634960226
relation_support,evidence_contract,dspy,101,temperature,2,20,0.9,0.903030303030303,0.8485552916276634,0.2347280374686358,0.38298089086411624,0.16060298744087056
relation_support,evidence_contract,dspy,101,temperature_bias,0,20,0.9,0.8791208791208791,0.8230548917531015,0.1676221101993548,0.29821557731868154,0.15075490969970598
relation_support,evidence_contract,dspy,101,temperature_bias,1,20,0.95,0.939047619047619,0.9124276803367268,0.13701758443402226,0.2644558108212085,0.13318859326132987
relation_support,evidence_contract,dspy,101,temperature_bias,2,20,0.95,0.939047619047619,0.9124276803367268,0.13758204603165056,0.2533067544862723,0.1305244389345583
relation_support,conditional_nouls,baseline,0,raw,0,20,0.85,0.8614718614718614,0.7881647033140068,0.181045642,0.36385056640758834,0.19710999999999995
relation_support,conditional_nouls,baseline,0,raw,1,20,0.85,0.8614718614718614,0.7881647033140068,0.183883092,0.37037113199410054,0.17283499999999996
relation_support,conditional_nouls,baseline,0,raw,2,20,0.85,0.8614718614718614,0.7881647033140068,0.185940415,0.37471336385780235,0.201535
relation_support,conditional_nouls,baseline,0,temperature,0,20,0.85,0.8614718614718614,0.7881647033140068,0.16972469752769695,0.30505007299416886,0.1497830673332567
relation_support,conditional_nouls,baseline,0,temperature,1,20,0.85,0.8614718614718614,0.7881647033140068,0.17069235629435173,0.3094037403734844,0.1742909451240466
relation_support,conditional_nouls,baseline,0,temperature,2,20,0.85,0.8614718614718614,0.7881647033140068,0.17438889797618937,0.31656893490319576,0.15273348750030233
relation_support,conditional_nouls,baseline,0,temperature_bias,0,20,0.85,0.8614718614718614,0.7881647033140068,0.12494495712649592,0.22814293947486686,0.12321536963669188
relation_support,conditional_nouls,baseline,0,temperature_bias,1,20,0.85,0.8614718614718614,0.7881647033140068,0.12881902131783782,0.2345520926350182,0.11724241201800042
relation_support,conditional_nouls,baseline,0,temperature_bias,2,20,0.85,0.8614718614718614,0.7881647033140068,0.13039656985441625,0.23691587953985546,0.12715900052848134
relation_support,conditional_nouls,dspy,17,raw,0,20,0.85,0.8614718614718614,0.7881647033140068,0.18240474899999998,0.36793746084702844,0.22982
relation_support,conditional_nouls,dspy,17,raw,1,20,0.85,0.8614718614718614,0.7881647033140068,0.186726966,0.37411134725163897,0.17327499999999996
relation_support,conditional_nouls,dspy,17,raw,2,20,0.85,0.8614718614718614,0.7881647033140068,0.18613112700000004,0.37386062996808106,0.20162
relation_support,conditional_nouls,dspy,17,temperature,0,20,0.85,0.8614718614718614,0.7881647033140068,0.1702450641176807,0.3071895004436161,0.17091912201316986
relation_support,conditional_nouls,dspy,17,temperature,1,20,0.85,0.8614718614718614,0.7881647033140068,0.17463809669452668,0.31466413039792906,0.12744505587962526
relation_support,conditional_nouls,dspy,17,temperature,2,20,0.85,0.8614718614718614,0.7881647033140068,0.17372996172347493,0.31389373600772397,0.15206864663976635
relation_support,conditional_nouls,dspy,17,temperature_bias,0,20,0.85,0.8614718614718614,0.7881647033140068,0.12651777429760508,0.23027931021360973,0.11873084776884398
relation_support,conditional_nouls,dspy,17,temperature_bias,1,20,0.85,0.8614718614718614,0.7881647033140068,0.133489475945024,0.2393720041631529,0.1180880799488287
relation_support,conditional_nouls,dspy,17,temperature_bias,2,20,0.85,0.8614718614718614,0.7881647033140068,0.12928921883116054,0.23503514733270875,0.12558530349841168
relation_support,conditional_nouls,dspy,29,raw,0,20,0.85,0.8614718614718614,0.7881647033140068,0.18239366399999996,0.3674583868471891,0.19888499999999995
relation_support,conditional_nouls,dspy,29,raw,1,20,0.85,0.8614718614718614,0.7881647033140068,0.18593943900000004,0.3728339773992498,0.17241499999999998
relation_support,conditional_nouls,dspy,29,raw,2,20,0.85,0.8614718614718614,0.7881647033140068,0.183909726,0.37209897760743754,0.20107499999999998
relation_support,conditional_nouls,dspy,29,temperature,0,20,0.85,0.8614718614718614,0.7881647033140068,0.1702997188471307,0.30587128886138254,0.1489666571411065
relation_support,conditional_nouls,dspy,29,temperature,1,20,0.85,0.8614718614718614,0.7881647033140068,0.1745918584023139,0.3122335400623318,0.13057262977588094
relation_support,conditional_nouls,dspy,29,temperature,2,20,0.85,0.8614718614718614,0.7881647033140068,0.1708841137341605,0.31098510038393945,0.15031252350033006
relation_support,conditional_nouls,dspy,29,temperature_bias,0,20,0.85,0.8614718614718614,0.7881647033140068,0.1258670794300431,0.2288528415269607,0.12348807827484691
relation_support,conditional_nouls,dspy,29,temperature_bias,1,20,0.85,0.8614718614718614,0.7881647033140068,0.1333230192425102,0.2378067720772703,0.12067992594557808
relation_support,conditional_nouls,dspy,29,temperature_bias,2,20,0.85,0.8614718614718614,0.7881647033140068,0.127674874589263,0.23327260483390164,0.12398577084362346
relation_support,conditional_nouls,dspy,43,raw,0,20,0.85,0.8614718614718614,0.7881647033140068,0.18082215499999998,0.36361399251960647,0.23353
relation_support,conditional_nouls,dspy,43,raw,1,20,0.85,0.8614718614718614,0.7881647033140068,0.185700241,0.37174879951763795,0.172925
relation_support,conditional_nouls,dspy,43,raw,2,20,0.85,0.8614718614718614,0.7881647033140068,0.18269023699999998,0.36695585960517224,0.19831999999999994
relation_support,conditional_nouls,dspy,43,temperature,0,20,0.85,0.8614718614718614,0.7881647033140068,0.16648255516746202,0.29843283543050536,0.17359212963196874
relation_support,conditional_nouls,dspy,43,temperature,1,20,0.85,0.8614718614718614,0.7881647033140068,0.17290376693392195,0.3106072970101398,0.12773009122189416
relation_support,conditional_nouls,dspy,43,temperature,2,20,0.85,0.8614718614718614,0.7881647033140068,0.16956544226658804,0.3039935261934336,0.1482510074453153
relation_support,conditional_nouls,dspy,43,temperature_bias,0,20,0.85,0.8614718614718614,0.7881647033140068,0.1223521933299379,0.22570713300770356,0.12108339001769419
relation_support,conditional_nouls,dspy,43,temperature_bias,1,20,0.85,0.8614718614718614,0.7881647033140068,0.1320224218174947,0.23727476667920774,0.1188375349961117
relation_support,conditional_nouls,dspy,43,temperature_bias,2,20,0.85,0.8614718614718614,0.7881647033140068,0.12384138234494668,0.22664222129050357,0.12268500176780947
relation_support,conditional_nouls,dspy,71,raw,0,20,0.85,0.8614718614718614,0.7881647033140068,0.183623238,0.367510572277222,0.19607000000000002
relation_support,conditional_nouls,dspy,71,raw,1,20,0.85,0.8614718614718614,0.7881647033140068,0.18242870900000002,0.3675512114694301,0.17076500000000003
relation_support,conditional_nouls,dspy,71,raw,2,20,0.85,0.8614718614718614,0.7881647033140068,0.181264342,0.36706437251268265,0.19945000000000002
relation_support,conditional_nouls,dspy,71,temperature,0,20,0.85,0.8614718614718614,0.7881647033140068,0.17384887113447717,0.3091085258817571,0.14720823439887534
relation_support,conditional_nouls,dspy,71,temperature,1,20,0.85,0.8614718614718614,0.7881647033140068,0.169638675653765,0.304731134534446,0.14731499048619365
relation_support,conditional_nouls,dspy,71,temperature,2,20,0.85,0.8614718614718614,0.7881647033140068,0.16785342976219755,0.30313671000302006,0.14892406621016918
relation_support,conditional_nouls,dspy,71,temperature_bias,0,20,0.85,0.8614718614718614,0.7881647033140068,0.12868574179049924,0.2306004391270004,0.12306888002749453
relation_support,conditional_nouls,dspy,71,temperature_bias,1,20,0.85,0.8614718614718614,0.7881647033140068,0.12462433322352026,0.2275048989268676,0.12003219497642742
relation_support,conditional_nouls,dspy,71,temperature_bias,2,20,0.85,0.8614718614718614,0.7881647033140068,0.12190743129390516,0.2252300780921006,0.12256463048541141
relation_support,conditional_nouls,dspy,101,raw,0,20,0.85,0.8614718614718614,0.7881647033140068,0.17908828799999996,0.361287390493593,0.229715
relation_support,conditional_nouls,dspy,101,raw,1,20,0.85,0.8614718614718614,0.7881647033140068,0.185542724,0.37201359651351423,0.17218499999999998
relation_support,conditional_nouls,dspy,101,raw,2,20,0.85,0.8614718614718614,0.7881647033140068,0.18253564500000002,0.36822608104800997,0.19874999999999998
relation_support,conditional_nouls,dspy,101,temperature,0,20,0.85,0.8614718614718614,0.7881647033140068,0.16687222812565133,0.29809528821252224,0.16943760060206406
relation_support,conditional_nouls,dspy,101,temperature,1,20,0.85,0.8614718614718614,0.7881647033140068,0.17463334562041055,0.3121053603234373,0.12867579428527579
relation_support,conditional_nouls,dspy,101,temperature,2,20,0.85,0.8614718614718614,0.7881647033140068,0.1712781192274682,0.3084504676830465,0.1492456438403871
relation_support,conditional_nouls,dspy,101,temperature_bias,0,20,0.85,0.8614718614718614,0.7881647033140068,0.12076439579655647,0.22149506083971154,0.1223339407621193
relation_support,conditional_nouls,dspy,101,temperature_bias,1,20,0.85,0.8614718614718614,0.7881647033140068,0.13302043090162693,0.237094909027625,0.1191315813172317
relation_support,conditional_nouls,dspy,101,temperature_bias,2,20,0.85,0.8614718614718614,0.7881647033140068,0.12717287784875803,0.2301757979694384,0.12280423467182261
relation_support,fewshot_contract,baseline,0,raw,0,20,0.9,0.903030303030303,0.8485552916276634,0.17956999999999998,0.268561939749187,0.129
relation_support,fewshot_contract,baseline,0,raw,1,20,0.9,0.903030303030303,0.8485552916276634,0.17984879808182835,0.26928248729343285,0.14140909090909096
relation_support,fewshot_contract,baseline,0,raw,2,20,0.9,0.903030303030303,0.8485552916276634,0.17229999999999998,0.2656314614637532,0.127
relation_support,fewshot_contract,baseline,0,temperature,0,20,0.9,0.903030303030303,0.8485552916276634,0.20229282912413038,0.3545013254066122,0.13586876217033178
relation_support,fewshot_contract,baseline,0,temperature,1,20,0.9,0.903030303030303,0.8485552916276634,0.2078420144563209,0.370059014300515,0.16358310749983915
relation_support,fewshot_contract,baseline,0,temperature,2,20,0.9,0.903030303030303,0.8485552916276634,0.2115997059030037,0.38334080842074947,0.15671711223672022
relation_support,fewshot_contract,baseline,0,temperature_bias,0,20,0.95,0.939047619047619,0.9124276803367268,0.14655885184332812,0.2762233251037735,0.14486547803553368
relation_support,fewshot_contract,baseline,0,temperature_bias,1,20,0.95,0.939047619047619,0.9124276803367268,0.15059824055233734,0.28642315837241167,0.15456459249947024
relation_support,fewshot_contract,baseline,0,temperature_bias,2,20,0.95,0.939047619047619,0.9124276803367268,0.16437191562187642,0.3133999328483531,0.1750798260694705
relation_support,fewshot_contract,dspy,17,raw,0,20,0.9,0.903030303030303,0.8485552916276634,0.18530999999999997,0.28041714471297197,0.13049999999999998
relation_support,fewshot_contract,dspy,17,raw,1,20,0.9,0.903030303030303,0.8485552916276634,0.17964999999999998,0.27400352282480417,0.13950000000000004
relation_support,fewshot_contract,dspy,17,raw,2,20,0.9,0.903030303030303,0.8485552916276634,0.16565999999999997,0.2563909266769934,0.12250000000000001
relation_support,fewshot_contract,dspy,17,temperature,0,20,0.9,0.903030303030303,0.8485552916276634,0.20754290013200039,0.3612934493447938,0.1379999081560567
relation_support,fewshot_contract,dspy,17,temperature,1,20,0.9,0.903030303030303,0.8485552916276634,0.20761935336982118,0.36531047266584443,0.14093409321247954
relation_support,fewshot_contract,dspy,17,temperature,2,20,0.9,0.903030303030303,0.8485552916276634,0.20417990707513378,0.36429202848399145,0.14623333517451753
relation_support,fewshot_contract,dspy,17,temperature_bias,0,20,0.95,0.939047619047619,0.9124276803367268,0.1517608860989838,0.28318538746240157,0.14834108558114853
relation_support,fewshot_contract,dspy,17,temperature_bias,1,20,0.9,0.8875661375661376,0.8251204038343015,0.15225943158785124,0.2852431434944441,0.15318128478629542
relation_support,fewshot_contract,dspy,17,temperature_bias,2,20,0.95,0.939047619047619,0.9124276803367268,0.14730084089623843,0.282304877606923,0.16574867114650801
relation_support,fewshot_contract,dspy,29,raw,0,20,0.9,0.903030303030303,0.8485552916276634,0.18036999999999997,0.2708964464020317,0.13999999999999996
relation_support,fewshot_contract,dspy,29,raw,1,20,0.9,0.903030303030303,0.8485552916276634,0.17839,0.2707886761719432,0.14
relation_support,fewshot_contract,dspy,29,raw,2,20,0.9,0.903030303030303,0.8485552916276634,0.17544999999999997,0.27180898811446635,0.11600000000000006
relation_support,fewshot_contract,dspy,29,temperature,0,20,0.9,0.903030303030303,0.8485552916276634,0.2566837781517171,0.4412851783947425,0.20439246878166165
relation_support,fewshot_contract,dspy,29,temperature,1,20,0.9,0.903030303030303,0.8485552916276634,0.2638384752669906,0.4501233396585855,0.2152184433292826
relation_support,fewshot_contract,dspy,29,temperature,2,20,0.9,0.903030303030303,0.8485552916276634,0.25758881353234453,0.4358752902480287,0.2016881764709417
relation_support,fewshot_contract,dspy,29,temperature_bias,0,20,0.95,0.939047619047619,0.9124276803367268,0.18793409122129107,0.3488681326871696,0.19445617980844032
relation_support,fewshot_contract,dspy,29,temperature_bias,1,20,0.95,0.939047619047619,0.9124276803367268,0.19079233505586313,0.35505315735614823,0.20197119176314082
relation_support,fewshot_contract,dspy,29,temperature_bias,2,20,0.95,0.939047619047619,0.9124276803367268,0.18791124281561727,0.34557091673399787,0.19504178986295953
relation_support,fewshot_contract,dspy,43,raw,0,20,0.9,0.903030303030303,0.8485552916276634,0.18330568513416995,0.2772317334380404,0.13803030303030306
relation_support,fewshot_contract,dspy,43,raw,1,20,0.9,0.903030303030303,0.8485552916276634,0.17627999999999996,0.2651101394584735,0.14
relation_support,fewshot_contract,dspy,43,raw,2,20,0.9,0.903030303030303,0.8485552916276634,0.17321,0.2684633792862507,0.12749999999999997
relation_support,fewshot_contract,dspy,43,temperature,0,20,0.9,0.903030303030303,0.8485552916276634,0.20900448616782027,0.3627536849032514,0.14038923607719966
relation_support,fewshot_contract,dspy,43,temperature,1,20,0.9,0.903030303030303,0.8485552916276634,0.20931053954043105,0.3705482130044329,0.15164514978643934
relation_support,fewshot_contract,dspy,43,temperature,2,20,0.9,0.903030303030303,0.8485552916276634,0.21172770034012536,0.374360574695012,0.15207629871445938
relation_support,fewshot_contract,dspy,43,temperature_bias,0,20,0.95,0.939047619047619,0.9124276803367268,0.15375569838374734,0.2853745983959626,0.15336475913813136
relation_support,fewshot_contract,dspy,43,temperature_bias,1,20,0.95,0.939047619047619,0.9124276803367268,0.15166657643236203,0.28852764835084455,0.15722314043569244
relation_support,fewshot_contract,dspy,43,temperature_bias,2,20,0.95,0.939047619047619,0.9124276803367268,0.15219851076179589,0.2895879250816148,0.1698296147549687
relation_support,fewshot_contract,dspy,71,raw,0,20,0.9,0.903030303030303,0.8485552916276634,0.18237999999999996,0.27767054406998715,0.14100000000000001
relation_support,fewshot_contract,dspy,71,raw,1,20,0.9,0.903030303030303,0.8485552916276634,0.17497999999999997,0.26510572585771014,0.12749999999999997
relation_support,fewshot_contract,dspy,71,raw,2,20,0.9,0.903030303030303,0.8485552916276634,0.17225000000000001,0.2662783133255541,0.127
relation_support,fewshot_contract,dspy,71,temperature,0,20,0.9,0.903030303030303,0.8485552916276634,0.207551510106975,0.362140064515675,0.13900540500368827
relation_support,fewshot_contract,dspy,71,temperature,1,20,0.9,0.903030303030303,0.8485552916276634,0.20659694102555237,0.36633351092658717,0.14733221041789982
relation_support,fewshot_contract,dspy,71,temperature,2,20,0.9,0.903030303030303,0.8485552916276634,0.2130896894020792,0.38163991478452836,0.15699676968897383
relation_support,fewshot_contract,dspy,71,temperature_bias,0,20,0.95,0.939047619047619,0.9124276803367268,0.15236105300692718,0.2841818831004051,0.14904850743984738
relation_support,fewshot_contract,dspy,71,temperature_bias,1,20,0.95,0.939047619047619,0.9124276803367268,0.15037277177655842,0.2855857918346124,0.15432791233026893
relation_support,fewshot_contract,dspy,71,temperature_bias,2,20,0.95,0.939047619047619,0.9124276803367268,0.1672538101921865,0.3160073832443853,0.17449359017541824
relation_support,fewshot_contract,dspy,101,raw,0,20,0.9,0.903030303030303,0.8485552916276634,0.17851,0.26894739513407184,0.138
relation_support,fewshot_contract,dspy,101,raw,1,20,0.9,0.903030303030303,0.8485552916276634,0.17489999999999997,0.2649289275067018,0.1375
relation_support,fewshot_contract,dspy,101,raw,2,20,0.9,0.903030303030303,0.8485552916276634,0.17179,0.26799257741393534,0.11350000000000005
relation_support,fewshot_contract,dspy,101,temperature,0,20,0.9,0.903030303030303,0.8485552916276634,0.20059471132760778,0.35050422441006673,0.13274090053056128
relation_support,fewshot_contract,dspy,101,temperature,1,20,0.9,0.903030303030303,0.8485552916276634,0.20581113928101985,0.36046971200675415,0.1418204661259391
relation_support,fewshot_contract,dspy,101,temperature,2,20,0.9,0.903030303030303,0.8485552916276634,0.2117049573706776,0.3771985431418132,0.1532975121410327
relation_support,fewshot_contract,dspy,101,temperature_bias,0,20,0.95,0.939047619047619,0.9124276803367268,0.14897580720606704,0.2784131262127828,0.14605386826624223
relation_support,fewshot_contract,dspy,101,temperature_bias,1,20,0.95,0.939047619047619,0.9124276803367268,0.15115412887678953,0.2836511331355561,0.1648402643635771
relation_support,fewshot_contract,dspy,101,temperature_bias,2,20,0.95,0.939047619047619,0.9124276803367268,0.16030460697307775,0.3039404767076782,0.17795103375093035
