task,panel,arm,calibration,runs,n_per_run,accuracy_mean,accuracy_sd,macro_f1_mean,macro_f1_sd,mcc_mean,mcc_sd,brier_mean,brier_sd,log_loss_mean,log_loss_sd,ece_mean,ece_sd
entity_resolution,fixtures,dspy_accuracy,bias_temperature_0.25,5,88,0.9409090909090909,0.014816369102733335,0.8562593703449953,0.0442646636844449,0.7263451861122177,0.07754839421238938,0.09367618968773743,0.020271286528591656,0.3777810957007424,0.21033343809524058,0.05287639653141709,0.013819910582627909
entity_resolution,fixtures,dspy_accuracy,bias_temperature_0.5,5,88,0.9340909090909091,0.012448239943299265,0.8321033313708119,0.043878250061441054,0.691269069510861,0.06496521655806048,0.10605389818824301,0.02279605316845524,0.28379103535496625,0.18992697599489092,0.058117174628408215,0.012613084914270977
entity_resolution,fixtures,dspy_accuracy,bias_temperature_1.0,5,88,0.9340909090909091,0.009507500301523631,0.8369363277961464,0.029658297374095435,0.6917989421469926,0.05111831787382548,0.10645568510781266,0.012557751039792316,0.20716842747168385,0.014797698661636672,0.06529375914816356,0.015071480375625048
entity_resolution,fixtures,dspy_accuracy,raw_1.0,5,88,0.9318181818181819,0.05145105192123532,0.8675130767169378,0.06610387179975968,0.7518496154884042,0.10660014554704138,0.11015954545454548,0.10204838385904895,0.18833806831658645,0.15753421684134875,0.04852272727272726,0.05254763433273607
entity_resolution,fixtures,dspy_accuracy,temperature_0.25,5,88,0.9318181818181819,0.05145105192123532,0.8675130767169378,0.06610387179975968,0.7518496154884042,0.10660014554704138,0.11957542338055216,0.09597267182584604,0.42554196788059584,0.1966843984193591,0.05939073301452042,0.04442925677420895
entity_resolution,fixtures,dspy_accuracy,temperature_0.5,5,88,0.9318181818181819,0.05145105192123532,0.8675130767169378,0.06610387179975968,0.7518496154884042,0.10660014554704138,0.11678713651807751,0.09865690650988336,0.3189775798876412,0.2099170106010444,0.058206055481010474,0.047683183121014765
entity_resolution,fixtures,dspy_accuracy,temperature_1.0,5,88,0.9318181818181819,0.05145105192123532,0.8675130767169378,0.06610387179975968,0.7518496154884042,0.10660014554704138,0.11504917727094016,0.09282278690033775,0.26595895589177565,0.1099217493295193,0.056259644794078384,0.03655245768422275
entity_resolution,fixtures,dspy_composite,bias_temperature_0.25,5,88,0.9363636363636364,0.02852250090457078,0.8536629743388757,0.060873728338540774,0.7172128675248207,0.1187677702970012,0.10518504663722417,0.037118620235027995,0.29256001249332897,0.13273669729834012,0.057355381012456776,0.025513127130797408
entity_resolution,fixtures,dspy_composite,bias_temperature_0.5,5,88,0.9363636363636363,0.010163945352271811,0.8438361638361638,0.02921855059510216,0.7038609908820563,0.05192907850238506,0.10542019475738788,0.021798989252853618,0.18941449368915567,0.040390199185078295,0.04348319408545867,0.024411078558647034
entity_resolution,fixtures,dspy_composite,bias_temperature_1.0,5,88,0.9363636363636364,0.006224119971649671,0.844390877939265,0.018652208563510474,0.7044386726757597,0.03259095965962208,0.10486094373721884,0.01949234310056943,0.19578019337586774,0.040371912947511863,0.047217692077069676,0.031484548399141554
entity_resolution,fixtures,dspy_composite,raw_1.0,5,88,0.9227272727272727,0.04712827580301756,0.8455751266277581,0.07844917773728081,0.7094660935180528,0.14714537671941774,0.13266863636363635,0.0721397993431979,0.23852311648553814,0.1091360566688857,0.0814318181818182,0.049260190559588184
entity_resolution,fixtures,dspy_composite,temperature_0.25,5,88,0.9227272727272727,0.04712827580301756,0.8455751266277581,0.07844917773728081,0.7094660935180528,0.14714537671941774,0.132241355726538,0.0841364974094522,0.43760510742683356,0.2543896468456098,0.0680054521838892,0.057178039133955055
entity_resolution,fixtures,dspy_composite,temperature_0.5,5,88,0.9227272727272727,0.04712827580301756,0.8455751266277581,0.07844917773728081,0.7094660935180528,0.14714537671941774,0.12990307737228413,0.08141094837233281,0.24346255918156715,0.11082832277392295,0.06957490411939643,0.06278648433328861
entity_resolution,fixtures,dspy_composite,temperature_1.0,5,88,0.9227272727272727,0.04712827580301756,0.8455751266277581,0.07844917773728081,0.7094660935180528,0.14714537671941774,0.1291839219861564,0.07278125892278312,0.2539114214720772,0.09329895463578547,0.06811964973235962,0.04446286906751047
entity_resolution,fixtures,without_dspy_baseline_noul,bias_temperature_0.25,5,88,0.9522727272727273,0.005081972676135881,0.8898477866219802,0.013989086076245006,0.7854316964570872,0.025318671371150188,0.08116804645804332,0.018028589322011155,0.3811772367119154,0.2147961833272687,0.0431947357794074,0.00916803604930127
entity_resolution,fixtures,without_dspy_baseline_noul,bias_temperature_0.5,5,88,0.9522727272727273,0.005081972676135881,0.8898477866219802,0.013989086076245006,0.7854316964570872,0.025318671371150188,0.08262849206420027,0.012997625528787127,0.2866248473060708,0.16832563123975752,0.04276205411087915,0.008249361965803588
entity_resolution,fixtures,without_dspy_baseline_noul,bias_temperature_1.0,5,88,0.9522727272727273,0.005081972676135881,0.8898477866219802,0.013989086076245006,0.7854316964570872,0.025318671371150188,0.07996182176233846,0.0011896772760630811,0.198248572796764,0.005453743762521157,0.043231217617262604,0.0005640084442358291
entity_resolution,fixtures,without_dspy_baseline_noul,raw_1.0,5,88,0.9522727272727273,0.005081972676135881,0.8898477866219802,0.013989086076245006,0.7854316964570872,0.025318671371150188,0.07110181818181818,0.0004459308677844218,0.13769481772855394,0.0012636222172450243,0.047000000000000056,0.004365470731861989
entity_resolution,fixtures,without_dspy_baseline_noul,temperature_0.25,5,88,0.9522727272727273,0.005081972676135881,0.8898477866219802,0.013989086076245006,0.7854316964570872,0.025318671371150188,0.08648130265729609,0.010885244508809754,0.3811687947242384,0.2148113145148592,0.045316854883123904,0.0063021917821701
entity_resolution,fixtures,without_dspy_baseline_noul,temperature_0.5,5,88,0.9522727272727273,0.005081972676135881,0.8898477866219802,0.013989086076245006,0.7854316964570872,0.025318671371150188,0.08453116147691044,0.008260088747590983,0.2805937115485792,0.1624538531490253,0.04442245476476187,0.005059893698621062
entity_resolution,fixtures,without_dspy_baseline_noul,temperature_1.0,5,88,0.9522727272727273,0.005081972676135881,0.8898477866219802,0.013989086076245006,0.7854316964570872,0.025318671371150188,0.08199618109839056,0.0006821796281572005,0.19892127217897737,0.00535096901735226,0.04365199139268211,0.000497508233150292
entity_resolution,fixtures,without_dspy_fewshot_contract,bias_temperature_0.25,5,88,0.9772727272727273,0.008035304331665306,0.9542740703005603,0.016503856253871105,0.9112407290113462,0.03314632586619935,0.03738490453061657,0.008564838413037637,0.3569007101995958,0.13584762110307397,0.020518567123297252,0.006375879355107319
entity_resolution,fixtures,without_dspy_fewshot_contract,bias_temperature_0.5,5,88,0.975,0.009507500301523577,0.9460309775811456,0.021747477876132,0.8927147362034592,0.043332807167322525,0.04532856811518565,0.009136633913931548,0.09687583189531049,0.011524520755445446,0.020686618021131142,0.005535950399712195
entity_resolution,fixtures,without_dspy_fewshot_contract,bias_temperature_1.0,5,88,0.975,0.005081972676135881,0.9474167538050424,0.009699240370858252,0.8950280933893036,0.01896337371192884,0.041190478876219655,0.0031543144904547715,0.08984214166296042,0.008354223195738687,0.02074395542591766,0.005527283114250707
entity_resolution,fixtures,without_dspy_fewshot_contract,raw_1.0,5,88,0.9795454545454546,0.005081972676135881,0.9592351842418068,0.009756835243646553,0.9217310612569588,0.01827766616204699,0.05228954545454544,0.002651602022386466,0.12914645887246368,0.007456538227629602,0.053840909090909106,0.005087940489997103
entity_resolution,fixtures,without_dspy_fewshot_contract,temperature_0.25,5,88,0.9795454545454546,0.005081972676135881,0.9592351842418068,0.009756835243646553,0.9217310612569588,0.01827766616204699,0.03807556572880976,0.009258333391345774,0.36351384709134354,0.12138003305427765,0.019405730377035236,0.004573257263534415
entity_resolution,fixtures,without_dspy_fewshot_contract,temperature_0.5,5,88,0.9795454545454546,0.005081972676135881,0.9592351842418068,0.009756835243646553,0.9217310612569588,0.01827766616204699,0.044207118270272,0.006091393977896667,0.11885975555032444,0.0085551304715761,0.03093444155867214,0.007872621803240202
entity_resolution,fixtures,without_dspy_fewshot_contract,temperature_1.0,5,88,0.9795454545454546,0.005081972676135881,0.9592351842418068,0.009756835243646553,0.9217310612569588,0.01827766616204699,0.04221955414397093,0.00398615855532856,0.11271667857252092,0.011779216984665325,0.018683996391536603,0.006311919356573913
entity_resolution,fixtures,without_dspy_identity_contract,bias_temperature_0.25,5,88,0.9477272727272728,0.012956538921581136,0.8762997022777569,0.035701144512436646,0.7617474416584079,0.0646443714384004,0.08685170150203773,0.013067126332833152,0.4087916086559193,0.1948797645329697,0.046604476447048106,0.00861136894677246
entity_resolution,fixtures,without_dspy_identity_contract,bias_temperature_0.5,5,88,0.9363636363636363,0.010163945352271811,0.8438361638361638,0.02921855059510216,0.7038609908820563,0.05192907850238506,0.10240850427707139,0.013863197395843223,0.25113345055243197,0.14704981269781173,0.055653464057270285,0.006919005682367634
entity_resolution,fixtures,without_dspy_identity_contract,bias_temperature_1.0,5,88,0.9318181818181818,0.0,0.8307692307692307,0.0,0.6806376009740052,0.0,0.10115361083841827,0.0035604928672278643,0.20251219537494583,0.00501943834697261,0.056971905161688534,0.0009265211602852421
entity_resolution,fixtures,without_dspy_identity_contract,raw_1.0,5,88,0.9568181818181819,0.005081972676135881,0.9018788543085218,0.012913199112763259,0.8076165396808069,0.024288146147262678,0.06136318181818182,0.0017230191345474141,0.11760801264342777,0.0021395141991372778,0.01756818181818183,0.00856150270176895
entity_resolution,fixtures,without_dspy_identity_contract,temperature_0.25,5,88,0.9568181818181819,0.005081972676135881,0.9018788543085218,0.012913199112763259,0.8076165396808069,0.024288146147262678,0.0717865595511481,0.004135048147033002,0.4118211229293575,0.18617254910829906,0.03816457041248909,0.0025672978691392264
entity_resolution,fixtures,without_dspy_identity_contract,temperature_0.5,5,88,0.9568181818181819,0.005081972676135881,0.9018788543085218,0.012913199112763259,0.8076165396808069,0.024288146147262678,0.06745972655456027,0.0033823296459112072,0.2567166062407061,0.14866608179557667,0.037708889879702744,0.003976578052835171
entity_resolution,fixtures,without_dspy_identity_contract,temperature_1.0,5,88,0.9568181818181819,0.005081972676135881,0.9018788543085218,0.012913199112763259,0.8076165396808069,0.024288146147262678,0.06740594248504787,0.0033721143453957327,0.2312427506187291,0.010292496144972093,0.037586685434954276,0.0031537710100563716
entity_resolution,fixtures,without_dspy_identity_noul,bias_temperature_0.25,5,88,0.9545454545454546,0.016070608663330613,0.8942406238349773,0.04137870708283634,0.7949988217923979,0.07737271465070507,0.0716358890189792,0.019081647040811563,0.27456749272005887,0.1286628071709713,0.039755632568609534,0.013060322188162854
entity_resolution,fixtures,without_dspy_identity_noul,bias_temperature_0.5,5,88,0.9409090909090909,0.020327890704543574,0.854966261808367,0.054106206257181155,0.7252118351651691,0.09967101769643781,0.08728574259282687,0.021719726466921104,0.216654914643923,0.11129734619910926,0.04808106521435859,0.011025121456439193
entity_resolution,fixtures,without_dspy_identity_noul,bias_temperature_1.0,5,88,0.9386363636363636,0.006224119971649671,0.8512017015242821,0.018652208563510474,0.716339208526637,0.03259095965962208,0.08786684687598838,0.0029970960353863773,0.1746800176541732,0.005079963148120802,0.05184516336919845,0.0008388818508887026
entity_resolution,fixtures,without_dspy_identity_noul,raw_1.0,5,88,0.975,0.005081972676135881,0.9463992461973347,0.011974456549315737,0.8930199168132577,0.023453793046790062,0.06314227272727266,0.0010082544137319297,0.13728352247951014,0.0017083539020732075,0.06206818181818184,0.005474277755297829
entity_resolution,fixtures,without_dspy_identity_noul,temperature_0.25,5,88,0.975,0.005081972676135881,0.9463992461973347,0.011974456549315737,0.8930199168132577,0.023453793046790062,0.04865217771573053,0.0016216678856916548,0.27621336316533107,0.12397407387924432,0.027882513533702302,0.002036115464193974
entity_resolution,fixtures,without_dspy_identity_noul,temperature_0.5,5,88,0.975,0.005081972676135881,0.9463992461973347,0.011974456549315737,0.8930199168132577,0.023453793046790062,0.04897453432422273,0.0017841175127742226,0.2138454721675932,0.11114237619027205,0.02845793145312572,0.002439934808362115
entity_resolution,fixtures,without_dspy_identity_noul,temperature_1.0,5,88,0.975,0.005081972676135881,0.9463992461973347,0.011974456549315737,0.8930199168132577,0.023453793046790062,0.049042634314656226,0.0015451419309077917,0.20282463211319743,0.010112539377913822,0.029437737388019383,0.0011044304138575533
entity_resolution,test,dspy_accuracy,bias_temperature_0.25,5,413,0.9830508474576272,0.00452985155783769,0.9671269322925052,0.008221071341585867,0.934696915975347,0.016712735299937564,0.028174027781549302,0.010113245802081965,0.10345072332275143,0.07699969235504989,0.01364299421130621,0.0074076780841881955
entity_resolution,test,dspy_accuracy,bias_temperature_0.5,5,413,0.9859564164648911,0.0031569987434395255,0.9724512769327435,0.005603232763929338,0.9455009080792726,0.011539341913238233,0.024976099464285903,0.0077385377844553654,0.07223235081995129,0.0602192986719425,0.008654300824478855,0.005644778310402776
entity_resolution,test,dspy_accuracy,bias_temperature_1.0,5,413,0.9859564164648911,0.0020258112022616655,0.9722317650016088,0.003922699693423927,0.9450231629794517,0.008009727858798459,0.021645581202649127,0.004271225959928369,0.04620992655490896,0.009969484558815899,0.006989382446776243,0.0038311685906538082
entity_resolution,test,dspy_accuracy,raw_1.0,5,413,0.9815980629539952,0.0027607153150100094,0.9649699906830049,0.005153929315995122,0.9302723812372102,0.01033127132141412,0.040845811138014526,0.010643991916219746,0.08201125975984466,0.02358741850217292,0.03986924939467312,0.017071055909917244
entity_resolution,test,dspy_accuracy,temperature_0.25,5,413,0.9815980629539952,0.0027607153150100094,0.9649699906830049,0.005153929315995122,0.9302723812372102,0.01033127132141412,0.03156114676327402,0.007632411143499625,0.11157778549316581,0.07155038369446241,0.015764930758808176,0.0049439005172954315
entity_resolution,test,dspy_accuracy,temperature_0.5,5,413,0.9815980629539952,0.0027607153150100094,0.9649699906830049,0.005153929315995122,0.9302723812372102,0.01033127132141412,0.03076494235321633,0.00696281123078887,0.0823996700415831,0.05636298494485252,0.012906891411603175,0.004209480949142814
entity_resolution,test,dspy_accuracy,temperature_1.0,5,413,0.9815980629539952,0.0027607153150100094,0.9649699906830049,0.005153929315995122,0.9302723812372102,0.01033127132141412,0.02951757386274837,0.00626991208737125,0.06211854730547668,0.01787399979686201,0.010250065964342817,0.004930540583454856
entity_resolution,test,dspy_composite,bias_temperature_0.25,5,413,0.9859564164648911,0.003978614219165839,0.9728538763394228,0.007472715380274225,0.9465613604087804,0.014986693196781978,0.02343432158174811,0.007592833789361757,0.07799447392095363,0.029624099511569205,0.012465220014464876,0.004367188085497244
entity_resolution,test,dspy_composite,bias_temperature_0.5,5,413,0.9893462469733656,0.0032485249067793895,0.978919852378849,0.006897914003998274,0.9587026475084143,0.013164377218378346,0.017847120692244076,0.004797218260083405,0.048521628703380386,0.03414775412898083,0.009097675117095203,0.002278586433800639
entity_resolution,test,dspy_composite,bias_temperature_1.0,5,413,0.9893462469733656,0.0036720946460297972,0.9791174406189598,0.007383256011383183,0.9586750414100006,0.014773440678736902,0.017132675476569804,0.005757009681860046,0.047024595455254954,0.03222746491219038,0.007779351262602136,0.0037247169842774337
entity_resolution,test,dspy_composite,raw_1.0,5,413,0.9849878934624697,0.003978614219165839,0.9713771682014203,0.007298391645255389,0.9433883766715551,0.014689173765865525,0.024946440677966104,0.013381450773603847,0.061221969994277585,0.03294019892485944,0.01691041162227601,0.016115212152845292
entity_resolution,test,dspy_composite,temperature_0.25,5,413,0.9849878934624697,0.003978614219165839,0.9713771682014203,0.007298391645255389,0.9433883766715551,0.014689173765865525,0.024679767475663337,0.00961497859328488,0.10730117832211951,0.053164497717207645,0.012030716367018383,0.005060605625255441
entity_resolution,test,dspy_composite,temperature_0.5,5,413,0.9849878934624697,0.003978614219165839,0.9713771682014203,0.007298391645255389,0.9433883766715551,0.014689173765865525,0.02238718094401365,0.00842866952516559,0.05602893040830572,0.028223987860342654,0.008299636144243722,0.003049008063642464
entity_resolution,test,dspy_composite,temperature_1.0,5,413,0.9849878934624697,0.003978614219165839,0.9713771682014203,0.007298391645255389,0.9433883766715551,0.014689173765865525,0.022312884934223124,0.008358160637057544,0.056832705449849655,0.03005565796140472,0.00811714386895513,0.003631065288912321
entity_resolution,test,without_dspy_baseline_noul,bias_temperature_0.25,5,413,0.9820823244552058,0.0013262047397219656,0.9635634351072196,0.0028403592872476126,0.9296538338824781,0.005294042690799601,0.032363739109742676,0.004868289858618375,0.15062223608754519,0.08551103031817116,0.013272771242727192,0.0066727730268375095
entity_resolution,test,without_dspy_baseline_noul,bias_temperature_0.5,5,413,0.9820823244552058,0.0013262047397219656,0.9635634351072196,0.0028403592872476126,0.9296538338824781,0.005294042690799601,0.03336834222229171,0.0037031375003814026,0.1165337352034973,0.0712471490882301,0.01513415831557241,0.0036697106185849425
entity_resolution,test,without_dspy_baseline_noul,bias_temperature_1.0,5,413,0.9815980629539952,0.0013262047397219656,0.962526282538523,0.0028403592872476126,0.9277207228143806,0.005294042690799601,0.03294970238243702,0.0007685616967685644,0.07969355928407736,0.002441905086010503,0.015479840128731274,0.0019455316741244283
entity_resolution,test,without_dspy_baseline_noul,raw_1.0,5,413,0.9811138014527845,0.0010828416355931297,0.9614891299698265,0.002319143646643989,0.9257876117462831,0.004322567756323293,0.044195447941888455,0.00023637855018638184,0.11341988910164051,0.0004725343914063921,0.06601452784503634,0.0017060856396142923
entity_resolution,test,without_dspy_baseline_noul,temperature_0.25,5,413,0.9811138014527845,0.0010828416355931297,0.9614891299698265,0.002319143646643989,0.9257876117462831,0.004322567756323293,0.034504696427865446,0.0020422560991938555,0.15390976943928558,0.08101561828000589,0.014058351452014669,0.005659731896939048
entity_resolution,test,without_dspy_baseline_noul,temperature_0.5,5,413,0.9811138014527845,0.0010828416355931297,0.9614891299698265,0.002319143646643989,0.9257876117462831,0.004322567756323293,0.034283879780446544,0.001862467967562601,0.11507250998513091,0.06598102110360872,0.01484609611313049,0.0028421637688372504
entity_resolution,test,without_dspy_baseline_noul,temperature_1.0,5,413,0.9811138014527845,0.0010828416355931297,0.9614891299698265,0.002319143646643989,0.9257876117462831,0.004322567756323293,0.03380141087646345,0.0005601903436863537,0.08143235439529226,0.00222081638525712,0.01578918706417885,0.0008569301507906574
entity_resolution,test,without_dspy_fewshot_contract,bias_temperature_0.25,5,413,0.9869249394673123,0.0027607153150100094,0.9741665107305497,0.005700140634710582,0.9488202719640488,0.01100508607294765,0.02283463211130489,0.0012583178697300795,0.07719361359402145,0.023813794137466867,0.010883188147009048,0.0023817352621178863
entity_resolution,test,without_dspy_fewshot_contract,bias_temperature_0.5,5,413,0.9854721549636803,0.0017121229568681324,0.9708016947743516,0.00370620432371107,0.94311470048585,0.006757665398177819,0.02299507163088105,0.0022250436951749483,0.03825742048859763,0.0032820008192429163,0.006952425201016116,0.0009897483240497247
entity_resolution,test,without_dspy_fewshot_contract,bias_temperature_1.0,5,413,0.9849878934624697,0.00108284163559308,0.9698225348038774,0.002075458842843191,0.9411786990179811,0.004385660423463677,0.02160865425810525,0.0006727252093376092,0.03566736225798515,0.0011096298772267422,0.004958820302121986,0.00047438957923516946
entity_resolution,test,without_dspy_fewshot_contract,raw_1.0,5,413,0.987409200968523,0.0020258112022617054,0.9751742369847524,0.004155944014154525,0.9507546816690257,0.008057710136727394,0.022391089588377745,0.0004888058688396349,0.039060749180567386,0.0006783442190456637,0.013123486682808693,0.0019395413709021483
entity_resolution,test,without_dspy_fewshot_contract,temperature_0.25,5,413,0.987409200968523,0.0020258112022617054,0.9751742369847524,0.004155944014154525,0.9507546816690257,0.008057710136727394,0.02253465318612897,0.0013671099621196674,0.0769231948349553,0.025266355909748652,0.011181002297389662,0.0025031052087022363
entity_resolution,test,without_dspy_fewshot_contract,temperature_0.5,5,413,0.987409200968523,0.0020258112022617054,0.9751742369847524,0.004155944014154525,0.9507546816690257,0.008057710136727394,0.021000617942593662,0.0008243910000374077,0.03522648992944699,0.0013155889816646226,0.009015720330068755,0.001455658054746526
entity_resolution,test,without_dspy_fewshot_contract,temperature_1.0,5,413,0.987409200968523,0.0020258112022617054,0.9751742369847524,0.004155944014154525,0.9507546816690257,0.008057710136727394,0.020514848832831823,0.0007335342462809226,0.03378745776654646,0.0010185124735539667,0.00873858290226939,0.0013005574376630487
entity_resolution,test,without_dspy_identity_contract,bias_temperature_0.25,5,413,0.9806295399515739,0.0017121229568681717,0.9626540248008293,0.0029757446277313563,0.9254541711986726,0.005844131730631772,0.03333248319629305,0.006156065431879655,0.11376276082205734,0.06524987394037823,0.01534507160387002,0.005023531170333945
entity_resolution,test,without_dspy_identity_contract,bias_temperature_0.5,5,413,0.9849878934624697,0.0043313665423724635,0.9704146889041099,0.007945385764119647,0.9415940085230875,0.016402011629635213,0.026015089549338333,0.004771046064126296,0.06528072944988583,0.031080765900876887,0.00862596441225603,0.005354496402392877
entity_resolution,test,without_dspy_identity_contract,bias_temperature_1.0,5,413,0.9830508474576272,0.0,0.9665660525737547,0.0,0.9335223964272112,0.0,0.024365337348114906,0.0008113759046213734,0.052203464436825726,0.0018143702387896652,0.006707246389647733,0.0012597778976900281
entity_resolution,test,without_dspy_identity_contract,raw_1.0,5,413,0.9791767554479419,0.0021656832711862595,0.960298447435434,0.00410671052143409,0.9207970975548881,0.0081953309151633,0.04701530266343826,0.001643404053202657,0.09353117309734887,0.0021327542684118667,0.043200968523002446,0.0024626851896476245
entity_resolution,test,without_dspy_identity_contract,temperature_0.25,5,413,0.9791767554479419,0.0021656832711862595,0.960298447435434,0.00410671052143409,0.9207970975548881,0.0081953309151633,0.0382300758249976,0.0023074744865466948,0.12611310366976813,0.055076598010089454,0.016600316107398407,0.004179992015945742
entity_resolution,test,without_dspy_identity_contract,temperature_0.5,5,413,0.9791767554479419,0.0021656832711862595,0.960298447435434,0.00410671052143409,0.9207970975548881,0.0081953309151633,0.036445759192779585,0.0013598786835394363,0.08304684303503608,0.026447105651560616,0.013466133888362885,0.0035983556553668794
entity_resolution,test,without_dspy_identity_contract,temperature_1.0,5,413,0.9791767554479419,0.0021656832711862595,0.960298447435434,0.00410671052143409,0.9207970975548881,0.0081953309151633,0.03575724053552462,0.0017383286532208946,0.07460915166349524,0.005036115562261932,0.01320682550762069,0.002620893374017533
entity_resolution,test,without_dspy_identity_noul,bias_temperature_0.25,5,413,0.9835351089588378,0.003978614219165839,0.9678937744366121,0.007339933913410393,0.9360510949332751,0.014878831704336556,0.028956998451346288,0.007830097005853541,0.0727075127745315,0.03044957618889759,0.01181773969807799,0.007083734228117127
entity_resolution,test,without_dspy_identity_noul,bias_temperature_0.5,5,413,0.9854721549636803,0.0029654839501006853,0.971125317267826,0.005421335773550993,0.9433583789168394,0.011284467032802696,0.02646409982906506,0.005400946114255511,0.061296697841834606,0.023357340165605093,0.009761857016172623,0.00536263684177929
entity_resolution,test,without_dspy_identity_noul,bias_temperature_1.0,5,413,0.9869249394673123,0.0013262047397219656,0.9740653813010707,0.0026660824888892765,0.948798771006829,0.005288671966410172,0.023416718909647534,0.0006672662003124276,0.05015409050248297,0.0015325495545631769,0.0075781165132337595,0.002450696955083217
entity_resolution,test,without_dspy_identity_noul,raw_1.0,5,413,0.9782082324455206,0.0,0.958129160893515,0.0,0.9162989298847789,0.0,0.07248910411622282,0.0008413975647294573,0.15054811018860334,0.0010258201814091232,0.0979176755447942,0.0009413562797236898
entity_resolution,test,without_dspy_identity_noul,temperature_0.25,5,413,0.9782082324455206,0.0,0.958129160893515,0.0,0.9162989298847789,0.0,0.03705855858378765,0.002102796142300647,0.08465022442765384,0.022682025937776223,0.01273312514224321,0.0069707102110492134
entity_resolution,test,without_dspy_identity_noul,temperature_0.5,5,413,0.9782082324455206,0.0,0.958129160893515,0.0,0.9162989298847789,0.0,0.03624090597707342,0.0016446356489801634,0.07512656186040435,0.018552367883556367,0.012386262203287608,0.005154721487290437
entity_resolution,test,without_dspy_identity_noul,temperature_1.0,5,413,0.9782082324455206,0.0,0.958129160893515,0.0,0.9162989298847789,0.0,0.03583561205571272,0.0008960735065782375,0.06983485294226435,0.0024985498224328233,0.011081734703526656,0.002550935632021742
relation_support,fixtures,dspy_accuracy,bias_temperature_0.25,5,50,0.864,0.08648699324175861,0.8628497794893204,0.09058653100639677,0.8194760646742982,0.10031645661143093,0.19939508556069194,0.09116881021126216,0.3098812647215131,0.12346392870721792,0.10739237212063547,0.059341360673149386
relation_support,fixtures,dspy_accuracy,bias_temperature_0.5,5,50,0.86,0.08366600265340754,0.8587273522089984,0.08765136637223413,0.8149609937088802,0.09720774869795396,0.19474472151482033,0.08405189129021629,0.30288181869093456,0.10946592507660656,0.11777958835441013,0.06103367687691175
relation_support,fixtures,dspy_accuracy,bias_temperature_1.0,5,50,0.852,0.08555699854482972,0.8510695502437962,0.08895818257749193,0.8055720666251783,0.10282510043395747,0.20450229962059727,0.07131575491586575,0.3241990012090624,0.0957617696405503,0.12087268984795058,0.02553541240202078
relation_support,fixtures,dspy_accuracy,raw_1.0,5,50,0.868,0.010954451150103331,0.8686759559000521,0.011753156522089895,0.8076134184012711,0.012621983621697868,0.16536479999999998,0.031132131105981134,0.24752302806261822,0.047632223220568905,0.07588000000000002,0.01395679046199374
relation_support,fixtures,dspy_accuracy,temperature_0.25,5,50,0.868,0.010954451150103331,0.8686759559000521,0.011753156522089895,0.8076134184012711,0.012621983621697868,0.22015684681258654,0.10309564281274203,0.34237690161532297,0.14678260865458792,0.1437286745955235,0.07950036948858344
relation_support,fixtures,dspy_accuracy,temperature_0.5,5,50,0.868,0.010954451150103331,0.8686759559000521,0.011753156522089895,0.8076134184012711,0.012621983621697868,0.21056321633632136,0.08927114532440796,0.33276016663059343,0.12418157874483243,0.12375715643989621,0.07545053646964431
relation_support,fixtures,dspy_accuracy,temperature_1.0,5,50,0.868,0.010954451150103331,0.8686759559000521,0.011753156522089895,0.8076134184012711,0.012621983621697868,0.22255657658375583,0.0846384593687171,0.35388303149953004,0.11373810125500813,0.14820960150365303,0.05783617523983535
relation_support,fixtures,dspy_composite,bias_temperature_0.25,5,50,0.804,0.08049844718999245,0.7962172974120948,0.0909299902376146,0.7472307993266019,0.09180719694750518,0.22764970985688093,0.07573492357470232,0.3547116816376402,0.11019111676014512,0.14067363250282375,0.05889268035963462
relation_support,fixtures,dspy_composite,bias_temperature_0.5,5,50,0.792,0.030331501776206186,0.788005128567742,0.03327306902047745,0.734115272586023,0.03343800449992099,0.24221474430385417,0.03560015757633157,0.37481295189296854,0.05013249753753034,0.1355106592196734,0.05143526642420259
relation_support,fixtures,dspy_composite,bias_temperature_1.0,5,50,0.8,0.024494897427831758,0.797530325592939,0.026322100019936213,0.7431279033750712,0.02705665876073311,0.23753679524237378,0.037300149948427896,0.37368429204754733,0.05368860355510284,0.13422528408224874,0.039955009179969116
relation_support,fixtures,dspy_composite,raw_1.0,5,50,0.872,0.04604345773288535,0.8677660381528375,0.056034341891370534,0.8139604829221728,0.05968408964709866,0.1512248,0.05703893220599415,0.23153274611773458,0.07664208078702192,0.07356000000000003,0.010903577394598537
relation_support,fixtures,dspy_composite,temperature_0.25,5,50,0.872,0.04604345773288535,0.8677660381528375,0.056034341891370534,0.8139604829221728,0.05968408964709866,0.26231939954606437,0.017169342586109502,0.4039429123618861,0.03465017508699475,0.17679450436672647,0.06145246999222636
relation_support,fixtures,dspy_composite,temperature_0.5,5,50,0.872,0.04604345773288535,0.8677660381528375,0.056034341891370534,0.8139604829221728,0.05968408964709866,0.2520731536395179,0.041192930439241264,0.39506860146746686,0.05479161411787554,0.16422526388007885,0.030610980464564133
relation_support,fixtures,dspy_composite,temperature_1.0,5,50,0.872,0.04604345773288535,0.8677660381528375,0.056034341891370534,0.8139604829221728,0.05968408964709866,0.26077177823783787,0.03884337031788854,0.40603847310817015,0.05373356456389477,0.17230832297982718,0.03510585761159932
relation_support,fixtures,without_dspy_baseline_choice,bias_temperature_0.25,5,50,0.9359999999999999,0.01673320053068147,0.9372634519069154,0.01662073530532154,0.9084469102230749,0.022911354846955057,0.1143569161636621,0.03041876183685559,0.24119429607108367,0.14536254673230953,0.0566467449343241,0.018987236345463485
relation_support,fixtures,without_dspy_baseline_choice,bias_temperature_0.5,5,50,0.944,0.03286335345030994,0.9450285432670832,0.032633429596676866,0.9200898038824238,0.04503495752028964,0.13621477724154102,0.03668602810317138,0.2938974917269247,0.16613571610774502,0.11804507519674802,0.060354654343240985
relation_support,fixtures,without_dspy_baseline_choice,bias_temperature_1.0,5,50,0.964,0.008944271909999166,0.9649277975178098,0.0088172943530491,0.946949617747079,0.013112894104209948,0.1563063628958143,0.01633375715990033,0.266684264393125,0.04113419708786369,0.15883226982265838,0.011924590361893413
relation_support,fixtures,without_dspy_baseline_choice,raw_1.0,5,50,0.92,0.0,0.9212962962962963,0.0,0.886620694933573,0.0,0.12977120000000003,0.0013194435190640153,0.36509429212105216,0.26688763724439746,0.06328,0.006764022471872775
relation_support,fixtures,without_dspy_baseline_choice,temperature_0.25,5,50,0.92,0.0,0.9212962962962963,0.0,0.886620694933573,0.0,0.1407869814917577,0.007479944898375184,0.28334427082381275,0.12004780384154545,0.06580760974635896,0.02574442487533223
relation_support,fixtures,without_dspy_baseline_choice,temperature_0.5,5,50,0.92,0.0,0.9212962962962963,0.0,0.886620694933573,0.0,0.16237050264879652,0.033700688957130326,0.3314415970095457,0.14029663933508144,0.09213413491256459,0.04487813841059183
relation_support,fixtures,without_dspy_baseline_choice,temperature_1.0,5,50,0.92,0.0,0.9212962962962963,0.0,0.886620694933573,0.0,0.19147863440018742,0.015095408485425049,0.3105060334177437,0.04587949706164556,0.12590930379558765,0.01811664434480133
relation_support,fixtures,without_dspy_conditional_nouls,bias_temperature_0.25,5,50,0.896,0.008944271909999166,0.8987768450493971,0.008805459216906376,0.8437380905685198,0.011779462614770517,0.14675869988733295,0.022979621023803413,0.2639712680951533,0.04115480871005311,0.08744906308613559,0.025448453538709878
relation_support,fixtures,without_dspy_conditional_nouls,bias_temperature_0.5,5,50,0.908,0.017888543819998333,0.9105289225306046,0.017406623646376823,0.8614822205982334,0.027822964537055458,0.1394035594173736,0.0029199874502390828,0.2511050415635494,0.0069974862619977965,0.0737226726135945,0.014544312254463124
relation_support,fixtures,without_dspy_conditional_nouls,bias_temperature_1.0,5,50,0.916,0.008944271909999166,0.9183067003083824,0.0087553731667359,0.873891422799186,0.01416863541527891,0.1399993952988282,0.00210349946967885,0.257181582487,0.0021949809804092195,0.09087143745931292,0.010730688349589217
relation_support,fixtures,without_dspy_conditional_nouls,raw_1.0,5,50,0.88,0.0,0.8832591768631813,0.0,0.8186781371951195,0.0,0.16178401744,0.001825435477446463,0.329946534860821,0.0014915682427670848,0.1476296,0.010813653906057853
relation_support,fixtures,without_dspy_conditional_nouls,temperature_0.25,5,50,0.88,0.0,0.8832591768631813,0.0,0.8186781371951195,0.0,0.13698397739212315,0.0039676860613083904,0.24572451788201155,0.012717870880731896,0.0877582580594156,0.015599797021186764
relation_support,fixtures,without_dspy_conditional_nouls,temperature_0.5,5,50,0.88,0.0,0.8832591768631813,0.0,0.8186781371951195,0.0,0.13706061044963896,0.003854450320064984,0.2486602846503314,0.009966429975953506,0.09626987127363487,0.014031852183138965
relation_support,fixtures,without_dspy_conditional_nouls,temperature_1.0,5,50,0.88,0.0,0.8832591768631813,0.0,0.8186781371951195,0.0,0.1378684626541917,0.0029219856706310296,0.2546562815128511,0.0020766539251846705,0.10189809246722066,0.016869094435656755
relation_support,fixtures,without_dspy_evidence_contract,bias_temperature_0.25,5,50,0.896,0.04335896677735761,0.8973168449908687,0.04401316059943265,0.8548529396674096,0.05309765524173248,0.15344978751727792,0.030802658516109457,0.2500390851224532,0.042478968499029796,0.06217171774453376,0.03273742033405043
relation_support,fixtures,without_dspy_evidence_contract,bias_temperature_0.5,5,50,0.9079999999999999,0.04381780460041327,0.9091678127161998,0.04411655475084962,0.8719122626336268,0.05557287869190853,0.14385560717810386,0.019499235831705798,0.2391185470079692,0.02637499199826609,0.0797374466957232,0.025765849863091644
relation_support,fixtures,without_dspy_evidence_contract,bias_temperature_1.0,5,50,0.868,0.030331501776206228,0.8706928004176581,0.029821720982839247,0.814387952747082,0.042014067494142146,0.1754301413938017,0.020173065437834068,0.290605650014549,0.02961921055322329,0.11302541102098117,0.023658221375585528
relation_support,fixtures,without_dspy_evidence_contract,raw_1.0,5,50,0.88,0.014142135623730963,0.8814238849906078,0.014645572626331753,0.8203243971027887,0.02116662871069304,0.1477784,0.004323092041583202,0.2194240743155432,0.0069242185339966535,0.06908000000000003,0.011654698623302115
relation_support,fixtures,without_dspy_evidence_contract,temperature_0.25,5,50,0.88,0.014142135623730963,0.8814238849906078,0.014645572626331753,0.8203243971027887,0.02116662871069304,0.15325003479434698,0.010387083818014734,0.25348625871769165,0.02419683532474035,0.09355694460068426,0.0231606662310425
relation_support,fixtures,without_dspy_evidence_contract,temperature_0.5,5,50,0.88,0.014142135623730963,0.8814238849906078,0.014645572626331753,0.8203243971027887,0.02116662871069304,0.14970284832382752,0.00572760018306939,0.24879373175511246,0.011827446876277129,0.07401705074303493,0.014025394754164993
relation_support,fixtures,without_dspy_evidence_contract,temperature_1.0,5,50,0.88,0.014142135623730963,0.8814238849906078,0.014645572626331753,0.8203243971027887,0.02116662871069304,0.18098553071734094,0.01658083584269818,0.3046276158617343,0.027167556550827927,0.11412686350007746,0.01957764014052475
relation_support,fixtures,without_dspy_fewshot_contract,bias_temperature_0.25,5,50,0.84,0.07348469228349533,0.8378163186227703,0.07787221128488493,0.7905318422802733,0.0906517465366511,0.19942086296322414,0.07806885880897167,0.31376056532180235,0.10996932945414141,0.10970619009236644,0.038054425902224666
relation_support,fixtures,without_dspy_fewshot_contract,bias_temperature_0.5,5,50,0.848,0.06260990336999411,0.8476536808455315,0.06333499490025585,0.8001432551436071,0.07900342139066185,0.19110026231095,0.062466152951001566,0.2951241333208252,0.08132180782858761,0.11360339364169342,0.030500675173030276
relation_support,fixtures,without_dspy_fewshot_contract,bias_temperature_1.0,5,50,0.848,0.030331501776206228,0.8494238410272565,0.03194965195311766,0.7986731228844692,0.0363543285176814,0.17563062342738586,0.015704136262580274,0.2801736498951565,0.02095364440627796,0.11014863033200259,0.03283720868171925
relation_support,fixtures,without_dspy_fewshot_contract,raw_1.0,5,50,0.9,0.0,0.9014792231255645,0.0,0.8516712067150881,0.0,0.10702640000000002,0.002373760897815957,0.17057069593854046,0.0029619781907752533,0.049839999999999954,0.004191419807177517
relation_support,fixtures,without_dspy_fewshot_contract,temperature_0.25,5,50,0.9,0.0,0.9014792231255645,0.0,0.8516712067150881,0.0,0.20392687748306346,0.0522671153356042,0.3252294278177465,0.07829568120296164,0.1496370452209034,0.04377243411464986
relation_support,fixtures,without_dspy_fewshot_contract,temperature_0.5,5,50,0.9,0.0,0.9014792231255645,0.0,0.8516712067150881,0.0,0.1749355261081247,0.03772180738166973,0.28843651078233706,0.05449094282092245,0.13234616226601312,0.025578500041046618
relation_support,fixtures,without_dspy_fewshot_contract,temperature_1.0,5,50,0.9,0.0,0.9014792231255645,0.0,0.8516712067150881,0.0,0.165877371449477,0.019640062464750793,0.27996392258471003,0.024821569385948396,0.11942299260321344,0.017602685070508845
relation_support,multicall_development,dspy_accuracy,bias_temperature_0.25,5,73,0.8136986301369863,0.09470896447914305,0.7997070042531857,0.09349265602158392,0.7297892214970573,0.11159517114444167,0.272523788142718,0.12245152422205305,0.9610109251212609,0.3185054089808646,0.10953031688653246,0.06372604322874513
relation_support,multicall_development,dspy_accuracy,bias_temperature_0.5,5,73,0.821917808219178,0.09539991970674053,0.8116270377642472,0.09822009692380912,0.7415489562912387,0.11399927116146025,0.2565348887387616,0.094546184172431,0.8470465540540814,0.18256483184691744,0.10248807022635117,0.06529053462585639
relation_support,multicall_development,dspy_accuracy,bias_temperature_1.0,5,73,0.8136986301369863,0.09371304863828529,0.8037731531785862,0.09531119308850733,0.7275828774950656,0.11590051407268431,0.2516220645788602,0.06367903785357208,0.7220090918158977,0.16136570840596492,0.11798611103296022,0.051139554011121816
relation_support,multicall_development,dspy_accuracy,raw_1.0,5,73,0.8958904109589041,0.012252427273971444,0.8763395581162163,0.014600354044504577,0.8335489744557061,0.022177628013249552,0.18290136986301367,0.015647983880107467,1.599078489605442,0.017134653949257627,0.07443835616438355,0.02112446916724888
relation_support,multicall_development,dspy_accuracy,temperature_0.25,5,73,0.8958904109589041,0.012252427273971444,0.8763395581162163,0.014600354044504577,0.8335489744557061,0.022177628013249552,0.2432521425815667,0.06258522334239966,0.9082213614417176,0.3148489115288202,0.13353908112719556,0.05899052283644354
relation_support,multicall_development,dspy_accuracy,temperature_0.5,5,73,0.8958904109589041,0.012252427273971444,0.8763395581162163,0.014600354044504577,0.8335489744557061,0.022177628013249552,0.23633096594557548,0.04918564300950028,0.8641066305469763,0.22815714430653677,0.1272117857531354,0.05181988383513872
relation_support,multicall_development,dspy_accuracy,temperature_1.0,5,73,0.8958904109589041,0.012252427273971444,0.8763395581162163,0.014600354044504577,0.8335489744557061,0.022177628013249552,0.25012787099838185,0.043457934887091855,0.7808123754760493,0.17624724083485338,0.13980626272847038,0.049849587353775815
relation_support,multicall_development,dspy_composite,bias_temperature_0.25,5,73,0.6986301369863014,0.10159176009720085,0.6837217088616961,0.10162996348763563,0.594460018075187,0.11331315248358392,0.329952813337373,0.09795357365059193,0.7390547562004105,0.22831773058604263,0.1765081643859822,0.06150152974271833
relation_support,multicall_development,dspy_composite,bias_temperature_0.5,5,73,0.7068493150684931,0.05180183671558641,0.6980941042794147,0.05496302743264699,0.6028299462219471,0.05034208604548887,0.3298946812559656,0.031821788530988326,0.6113823204906585,0.03874802470399612,0.13979316417099577,0.04978532526029303
relation_support,multicall_development,dspy_composite,bias_temperature_1.0,5,73,0.7424657534246575,0.02634984118037172,0.7360366900085082,0.032542877060615524,0.6350965872287773,0.026822098530352362,0.311119028184669,0.01412802905857266,0.5792832542689823,0.006354109651007402,0.12097868599121901,0.0322113455223035
relation_support,multicall_development,dspy_composite,raw_1.0,5,73,0.9178082191780822,0.009686394262829417,0.9042223998772029,0.0065502515365506745,0.8680506569328813,0.015589470632202,0.1566553424657534,0.005207035960514242,1.3269828637731638,0.22781479905558066,0.0541917808219178,0.006872290233474255
relation_support,multicall_development,dspy_composite,temperature_0.25,5,73,0.9178082191780822,0.009686394262829417,0.9042223998772029,0.0065502515365506745,0.8680506569328813,0.015589470632202,0.2744462801354241,0.06464535971793305,0.6982303793894178,0.26406744852069175,0.1976803957477665,0.08239938667451067
relation_support,multicall_development,dspy_composite,temperature_0.5,5,73,0.9178082191780822,0.009686394262829417,0.9042223998772029,0.0065502515365506745,0.8680506569328813,0.015589470632202,0.2751370212489298,0.01779880152840826,0.5977583441190106,0.027692605653023984,0.20593520256675324,0.01594041749464072
relation_support,multicall_development,dspy_composite,temperature_1.0,5,73,0.9178082191780822,0.009686394262829417,0.9042223998772029,0.0065502515365506745,0.8680506569328813,0.015589470632202,0.28352363856837304,0.01693055524252082,0.588765156936092,0.02010944821045283,0.212474202547339,0.016456430199380017
relation_support,multicall_development,without_dspy_baseline_choice,bias_temperature_0.25,5,73,0.8876712328767123,0.029697922450244933,0.8677766119832407,0.035838616459283656,0.8211520024476896,0.045629958736982265,0.1953297706141001,0.024441809426740853,0.7792026461607423,0.07328669490742044,0.07627260732852212,0.019329125745872675
relation_support,multicall_development,without_dspy_baseline_choice,bias_temperature_0.5,5,73,0.8767123287671232,0.02165943602855054,0.8538795954593994,0.022608403895127815,0.7978720999474963,0.03195739573955363,0.21663192386175487,0.05278665865247758,0.688731761092252,0.1465182834138313,0.11798091365148576,0.04795824701128478
relation_support,multicall_development,without_dspy_baseline_choice,bias_temperature_1.0,5,73,0.8684931506849315,0.00750304873294745,0.835269615798283,0.0055772323221278145,0.7771391007305167,0.013476966523075392,0.24629786021797276,0.010862164164649185,0.527778676991271,0.0033773116961407423,0.13364202757591737,0.014034751109980946
relation_support,multicall_development,without_dspy_baseline_choice,raw_1.0,5,73,0.8493150684931506,0.0,0.8273060467968282,0.0,0.7768771878249127,0.0,0.22188054794520548,0.0023197088939345264,1.2160727498463604,0.0038858999364702815,0.06663013698630137,0.011796183040358309
relation_support,multicall_development,without_dspy_baseline_choice,temperature_0.25,5,73,0.8493150684931506,0.0,0.8273060467968282,0.0,0.7768771878249127,0.0,0.22634857349243886,0.006966463146560703,0.8035508198243297,0.04851699827016522,0.06237879524791765,0.011700047522448864
relation_support,multicall_development,without_dspy_baseline_choice,temperature_0.5,5,73,0.8493150684931506,0.0,0.8273060467968282,0.0,0.7768771878249127,0.0,0.26171587790101525,0.05434577011012417,0.7515417520845468,0.13359425424836516,0.10819054792593977,0.06992805692232361
relation_support,multicall_development,without_dspy_baseline_choice,temperature_1.0,5,73,0.8493150684931506,0.0,0.8273060467968282,0.0,0.7768771878249127,0.0,0.30086458711734904,0.012378647054194402,0.6155642062025336,0.006439742748356832,0.16028051783773895,0.013050075786322543
relation_support,multicall_development,without_dspy_conditional_nouls,bias_temperature_0.25,5,73,0.8657534246575342,0.028073837714957795,0.8536641150599948,0.03181950935911441,0.7883530384657016,0.03759934632020444,0.19472819515051312,0.010921209266425225,0.3892539430789443,0.015320156797877441,0.09590537229609353,0.02575374754480157
relation_support,multicall_development,without_dspy_conditional_nouls,bias_temperature_0.5,5,73,0.8767123287671232,0.0136986301369863,0.8599969081920741,0.01686465009153334,0.801381014632095,0.02247063426708728,0.18178802058906787,0.008922503268281742,0.36146043727056715,0.0156274769653858,0.07527224293924206,0.01980709787104608
relation_support,multicall_development,without_dspy_conditional_nouls,bias_temperature_1.0,5,73,0.8849315068493151,0.01225242727397145,0.8656629800159211,0.014990448453376262,0.8099915826740597,0.021168189288396432,0.1755749955545043,0.0037221298290980418,0.35084803061971115,0.005096807633935302,0.06359901430714185,0.012080244775976162
relation_support,multicall_development,without_dspy_conditional_nouls,raw_1.0,5,73,0.8383561643835616,0.0061262136369857004,0.821314592206611,0.006646579086673309,0.7500214693417532,0.0079343592929655,0.22323020975342467,0.0026105398017582295,0.46091839432690623,0.0032092090962119934,0.14056575342465755,0.0038233322123809796
relation_support,multicall_development,without_dspy_conditional_nouls,temperature_0.25,5,73,0.8383561643835616,0.0061262136369857004,0.821314592206611,0.006646579086673309,0.7500214693417532,0.0079343592929655,0.1983867654819247,0.0024664410621779505,0.42163444115327875,0.004933026120734071,0.10990869522677049,0.008892122718092263
relation_support,multicall_development,without_dspy_conditional_nouls,temperature_0.5,5,73,0.8383561643835616,0.0061262136369857004,0.821314592206611,0.006646579086673309,0.7500214693417532,0.0079343592929655,0.19842524868543976,0.004303318966122669,0.42052217192855285,0.005555560082172908,0.10076169066700394,0.01280746720605703
relation_support,multicall_development,without_dspy_conditional_nouls,temperature_1.0,5,73,0.8383561643835616,0.0061262136369857004,0.821314592206611,0.006646579086673309,0.7500214693417532,0.0079343592929655,0.1993509846336776,0.0034595791098900614,0.4208571238084216,0.004612269671573635,0.09954681661209198,0.014025427239821886
relation_support,multicall_development,without_dspy_evidence_contract,bias_temperature_0.25,5,73,0.8547945205479452,0.03299067007888299,0.842249197533093,0.03723671738563869,0.7766277014351753,0.03976658909934829,0.21538227385498046,0.04440037306929075,1.0038125557042197,0.2996138842596811,0.06340237855811214,0.022407893238932438
relation_support,multicall_development,without_dspy_evidence_contract,bias_temperature_0.5,5,73,0.873972602739726,0.03410931396709241,0.8629398514948647,0.03766316698979398,0.803677768629318,0.04459522992822501,0.2019672801410106,0.025315836363794142,0.9153021971513254,0.11876036230269733,0.07027744691157328,0.010963201567674677
relation_support,multicall_development,without_dspy_evidence_contract,bias_temperature_1.0,5,73,0.8493150684931506,0.03355465401072846,0.8323429955447231,0.04260580657924623,0.7578549445455642,0.05450907340026425,0.22944030692225031,0.02085886667431539,0.6974106517108091,0.12300855882916618,0.08688238636609451,0.007933439071070093
relation_support,multicall_development,without_dspy_evidence_contract,raw_1.0,5,73,0.8931506849315068,0.011461096253891438,0.8736472214456559,0.009592892369483576,0.8317221799047576,0.018755933794834718,0.18586520547945204,0.0032795129370299866,1.5171333008468904,0.18443631539378108,0.08810958904109589,0.010821224184464599
relation_support,multicall_development,without_dspy_evidence_contract,temperature_0.25,5,73,0.8931506849315068,0.011461096253891438,0.8736472214456559,0.009592892369483576,0.8317221799047576,0.018755933794834718,0.20767381428053225,0.015808855349008704,0.9927537440896478,0.21953608887400536,0.09255843740187725,0.018563959452458777
relation_support,multicall_development,without_dspy_evidence_contract,temperature_0.5,5,73,0.8931506849315068,0.011461096253891438,0.8736472214456559,0.009592892369483576,0.8317221799047576,0.018755933794834718,0.2046779369705493,0.0077681213517302675,0.9769737348660378,0.1152049162607501,0.09511671014878548,0.01736415058711012
relation_support,multicall_development,without_dspy_evidence_contract,temperature_1.0,5,73,0.8931506849315068,0.011461096253891438,0.8736472214456559,0.009592892369483576,0.8317221799047576,0.018755933794834718,0.2417479423779414,0.018122812614730133,0.7884610582395282,0.1178595914098901,0.13239370304651554,0.027205866834521822
relation_support,multicall_development,without_dspy_fewshot_contract,bias_temperature_0.25,5,73,0.7506849315068493,0.09657291360007982,0.7410979114333217,0.10737536148444748,0.6397085200663778,0.11234833086135856,0.30628400893047397,0.07912775448319474,0.7639088670246241,0.37439793001868277,0.11372749574599895,0.05372652254221503
relation_support,multicall_development,without_dspy_fewshot_contract,bias_temperature_0.5,5,73,0.7616438356164383,0.06682910091863271,0.7505385323319876,0.07190017490859449,0.6500894786069797,0.07888984699730041,0.2905259793860434,0.07318021872731865,0.699168332550903,0.19968064146638603,0.10079527887479811,0.02678854085210616
relation_support,multicall_development,without_dspy_fewshot_contract,bias_temperature_1.0,5,73,0.7999999999999999,0.015618841439714209,0.7968290400360875,0.018037121097357483,0.6956990225508701,0.01831468063824964,0.27050619649300434,0.015362407975250814,0.6229617504699331,0.048680698706833815,0.07699706196742566,0.011430648261026247
relation_support,multicall_development,without_dspy_fewshot_contract,raw_1.0,5,73,0.9205479452054794,0.0061262136369857004,0.9020010445227836,0.007496185062055652,0.8736811199993569,0.009289805624420805,0.1462290410958904,0.003757734551865235,1.4731443124227699,0.18053877895875492,0.03608219178082191,0.014029764890085733
relation_support,multicall_development,without_dspy_fewshot_contract,temperature_0.25,5,73,0.9205479452054794,0.0061262136369857004,0.9020010445227836,0.007496185062055652,0.8736811199993569,0.009289805624420805,0.2746110094241281,0.06617199733106958,0.7106181181735353,0.2534768211887048,0.19753364481786637,0.07929580786176249
relation_support,multicall_development,without_dspy_fewshot_contract,temperature_0.5,5,73,0.9205479452054794,0.0061262136369857004,0.9020010445227836,0.007496185062055652,0.8736811199993569,0.009289805624420805,0.24623211979481002,0.047546857293299875,0.722183042894967,0.17653124483535163,0.17903339634609675,0.05787997641626798
relation_support,multicall_development,without_dspy_fewshot_contract,temperature_1.0,5,73,0.9205479452054794,0.0061262136369857004,0.9020010445227836,0.007496185062055652,0.8736811199993569,0.009289805624420805,0.23804211710116355,0.022190367097372054,0.6952017774266659,0.060319692788410366,0.17854227418878285,0.02674066927653216
relation_support,multicall_test,dspy_accuracy,bias_temperature_0.25,5,263,0.8403041825095057,0.019573441332674905,0.8221700312342046,0.020500211716715917,0.756561171292528,0.019914625933246735,0.23949349791834812,0.03146060127666125,0.6159359847920874,0.2033468778644281,0.059891109065946024,0.016432769791461962
relation_support,multicall_test,dspy_accuracy,bias_temperature_0.5,5,263,0.84106463878327,0.020369726594644692,0.8252531006296691,0.020295293309043422,0.7577142078891601,0.021791888421460626,0.23063629645541778,0.02368574565781929,0.5491294397981384,0.10672316741339943,0.051937074624593974,0.016507690989492698
relation_support,multicall_test,dspy_accuracy,bias_temperature_1.0,5,263,0.8288973384030418,0.022007294491996617,0.8081593168122854,0.02489619255293533,0.7384085554876628,0.026270627156961365,0.22904566021594558,0.014902675354702558,0.497194980547685,0.08915219740364462,0.06837192177742955,0.01597891579306845
relation_support,multicall_test,dspy_accuracy,raw_1.0,5,263,0.8494296577946768,0.02243023757224733,0.8379839072519163,0.022200118408744907,0.7615411572116918,0.03492675926369573,0.23993155893536114,0.02152359963877254,0.8381534494134399,0.11520218778248578,0.07158174904942964,0.007654286108009908
relation_support,multicall_test,dspy_accuracy,temperature_0.25,5,263,0.8494296577946768,0.02243023757224733,0.8379839072519163,0.022200118408744907,0.7615411572116918,0.03492675926369573,0.2583461079526116,0.04898016824481291,0.6106396176393952,0.12880398187945816,0.08834409110045398,0.05053618239091644
relation_support,multicall_test,dspy_accuracy,temperature_0.5,5,263,0.8494296577946768,0.02243023757224733,0.8379839072519163,0.022200118408744907,0.7615411572116918,0.03492675926369573,0.25185372425821,0.03987236588939167,0.5772824859355461,0.08675390190563012,0.08499524735545697,0.03927818280371577
relation_support,multicall_test,dspy_accuracy,temperature_1.0,5,263,0.8494296577946768,0.02243023757224733,0.8379839072519163,0.022200118408744907,0.7615411572116918,0.03492675926369573,0.2592909750183394,0.03731324825676852,0.5468579381226748,0.06564081990381099,0.09929386177983288,0.03664379519916321
relation_support,multicall_test,dspy_composite,bias_temperature_0.25,5,263,0.7908745247148289,0.04216934032855291,0.7699741467825407,0.044259976750866,0.6910066209068727,0.050894500740001146,0.2695279876936849,0.03060725383058224,0.5509264062255005,0.16932165307455455,0.08943838628467222,0.010377071651985741
relation_support,multicall_test,dspy_composite,bias_temperature_0.5,5,263,0.7923954372623574,0.024875174500070162,0.7763121213068961,0.025077404738920776,0.6942077229402188,0.031354656905153315,0.2605527695906987,0.0173669237725837,0.4616312515391432,0.03452982427424717,0.0731358803997258,0.011805062146355426
relation_support,multicall_test,dspy_composite,bias_temperature_1.0,5,263,0.8068441064638783,0.014824021817199946,0.7906133749912548,0.016676342254155933,0.7122791372150716,0.01975758535502591,0.25289813616233786,0.005607232714228067,0.4481723755036145,0.019640489791821363,0.07283786176710014,0.011615459710883427
relation_support,multicall_test,dspy_composite,raw_1.0,5,263,0.8433460076045628,0.015538263681903091,0.8342085496990188,0.013271203129362311,0.7504979234568189,0.022288717613755584,0.23983254752851704,0.022264622909473362,0.8086361609057351,0.0631594777312949,0.06701140684410646,0.013024176332362167
relation_support,multicall_test,dspy_composite,temperature_0.25,5,263,0.8433460076045628,0.015538263681903091,0.8342085496990188,0.013271203129362311,0.7504979234568189,0.022288717613755584,0.28783532174093096,0.011294125792420638,0.5497933090210462,0.13495305402884414,0.13311544139205855,0.03814083090169993
relation_support,multicall_test,dspy_composite,temperature_0.5,5,263,0.8433460076045628,0.015538263681903091,0.8342085496990188,0.013271203129362311,0.7504979234568189,0.022288717613755584,0.2789723334326819,0.02115794723211017,0.4924715574407477,0.020161697686086576,0.13542665969320006,0.01181625712529566
relation_support,multicall_test,dspy_composite,temperature_1.0,5,263,0.8433460076045628,0.015538263681903091,0.8342085496990188,0.013271203129362311,0.7504979234568189,0.022288717613755584,0.28428101508602927,0.016483962714770692,0.4919095985244892,0.019272950110605824,0.13961537186995274,0.008378704814164572
relation_support,multicall_test,without_dspy_baseline_choice,bias_temperature_0.25,5,263,0.8653992395437262,0.011279389333985772,0.8479691614878317,0.017922515097997714,0.7857902825375725,0.02013773459617174,0.22084284037177085,0.010374942026878742,0.7617908317468347,0.12478653310169426,0.06403338812418216,0.010040891330562537
relation_support,multicall_test,without_dspy_baseline_choice,bias_temperature_0.5,5,263,0.8555133079847909,0.013171489030942,0.8324069302973541,0.02534439650963348,0.7681716898149522,0.022079852827401356,0.2454790048672241,0.040990352072027496,0.671132882227313,0.14315884615536809,0.09521421101611359,0.052441039397530996
relation_support,multicall_test,without_dspy_baseline_choice,bias_temperature_1.0,5,263,0.8486692015209125,0.007313834243981467,0.8097857954783937,0.012996045763407075,0.753093084632598,0.012236952129928457,0.27215461179948436,0.0069989337106742665,0.5165786714249256,0.014643998060391749,0.13538242678835288,0.012750943118459679
relation_support,multicall_test,without_dspy_baseline_choice,raw_1.0,5,263,0.8684410646387832,0.0034008638441061297,0.8569260274970643,0.0033779104073250756,0.7956783105304618,0.0048901620786084635,0.22100836501901133,0.000718878787285973,1.172478049390392,0.062487774646198084,0.0890342205323194,0.005078188408609584
relation_support,multicall_test,without_dspy_baseline_choice,temperature_0.25,5,263,0.8684410646387832,0.0034008638441061297,0.8569260274970643,0.0033779104073250756,0.7956783105304618,0.0048901620786084635,0.22271736065008485,0.003440036131029137,0.7528599292473296,0.07880350669811542,0.06823065372486883,0.014110448654250948
relation_support,multicall_test,without_dspy_baseline_choice,temperature_0.5,5,263,0.8684410646387832,0.0034008638441061297,0.8569260274970643,0.0033779104073250756,0.7956783105304618,0.0048901620786084635,0.2540849561589328,0.04774379128250908,0.687299030085255,0.12747414861083042,0.1112648380364594,0.06506815725512453
relation_support,multicall_test,without_dspy_baseline_choice,temperature_1.0,5,263,0.8684410646387832,0.0034008638441061297,0.8569260274970643,0.0033779104073250756,0.7956783105304618,0.0048901620786084635,0.28587200083338404,0.010779441818836468,0.5545491109274203,0.01509741924953253,0.16997485203493867,0.010639557415718537
relation_support,multicall_test,without_dspy_conditional_nouls,bias_temperature_0.25,5,263,0.8524714828897338,0.011842138024636843,0.8402020783958947,0.01575024344454095,0.7654662194856768,0.0214975212449242,0.2198184428494526,0.004617348181838296,0.40477412485036296,0.015107246582089751,0.04725223552256043,0.022569823679572058
relation_support,multicall_test,without_dspy_conditional_nouls,bias_temperature_0.5,5,263,0.8539923954372624,0.004335267776042348,0.8399638302655628,0.005505811867692307,0.7679584909211782,0.008324040171218869,0.21697236334383846,0.006064255318689353,0.39505858473908384,0.017663123656159387,0.039899169891080236,0.012775189754004448
relation_support,multicall_test,without_dspy_conditional_nouls,bias_temperature_1.0,5,263,0.850190114068441,0.004335267776042333,0.8347542267737061,0.0055134457579231735,0.7602741153634769,0.007425055771378713,0.21215268971830697,0.0012291673265587963,0.3810401642904667,0.002467008910109663,0.041203569601154566,0.004422290663845971
relation_support,multicall_test,without_dspy_conditional_nouls,raw_1.0,5,263,0.8600760456273765,0.0031812168309280713,0.853762202129036,0.001903635336272222,0.7767919421389854,0.005250809633031464,0.23356796419771866,0.0010480730953858744,0.4421117158377144,0.0017566013086553524,0.09567657794676807,0.0023412218411967174
relation_support,multicall_test,without_dspy_conditional_nouls,temperature_0.25,5,263,0.8600760456273765,0.0031812168309280713,0.853762202129036,0.001903635336272222,0.7767919421389854,0.005250809633031464,0.21952257437210468,0.0011013548404537933,0.4036661957656525,0.002354873195315166,0.031065995183935876,0.012021173156501178
relation_support,multicall_test,without_dspy_conditional_nouls,temperature_0.5,5,263,0.8600760456273765,0.0031812168309280713,0.853762202129036,0.001903635336272222,0.7767919421389854,0.005250809633031464,0.219286539769956,0.0011017918850962324,0.402503324785694,0.0026598477573381613,0.026704525452564583,0.01037279059421857
relation_support,multicall_test,without_dspy_conditional_nouls,temperature_1.0,5,263,0.8600760456273765,0.0031812168309280713,0.853762202129036,0.001903635336272222,0.7767919421389854,0.005250809633031464,0.21921000406286667,0.0010427539232336087,0.4024825467925517,0.002485256647204772,0.021498254925304303,0.003809262652376061
relation_support,multicall_test,without_dspy_evidence_contract,bias_temperature_0.25,5,263,0.8539923954372624,0.008753509074693064,0.8398597978541583,0.007165947039069719,0.7723820228683043,0.009095540805470216,0.2227186694594918,0.013730440006127506,0.6913318558354333,0.16155934926952933,0.045368474664070714,0.020893108403573137
relation_support,multicall_test,without_dspy_evidence_contract,bias_temperature_0.5,5,263,0.8509505703422053,0.003181216830928018,0.8354902151895249,0.004764409769952616,0.7672335322553063,0.0069807565574156235,0.21703358744929002,0.009055843396412692,0.650501616217149,0.053999569246845604,0.04228999436274309,0.014427269389592637
relation_support,multicall_test,without_dspy_evidence_contract,bias_temperature_1.0,5,263,0.8403041825095057,0.007113417085121563,0.819624095590214,0.010516778794397798,0.7500629469767016,0.010268923825132342,0.22826332203444638,0.009237144681924847,0.5277500635085959,0.04903366662102162,0.05038822976606878,0.011259252694655704
relation_support,multicall_test,without_dspy_evidence_contract,raw_1.0,5,263,0.8661596958174905,0.0017004319220530369,0.8540149657082768,0.001291243131873141,0.7873183741806893,0.002834067291542793,0.22253140684410644,0.0012471432347110365,0.9801823839678021,0.005123632124669413,0.06952851711026616,0.004946006669192107
relation_support,multicall_test,without_dspy_evidence_contract,temperature_0.25,5,263,0.8661596958174905,0.0017004319220530369,0.8540149657082768,0.001291243131873141,0.7873183741806893,0.002834067291542793,0.22499464340451794,0.006032657658913201,0.67526752746582,0.09006239711644723,0.06706090300858279,0.018945843589943882
relation_support,multicall_test,without_dspy_evidence_contract,temperature_0.5,5,263,0.8661596958174905,0.0017004319220530369,0.8540149657082768,0.001291243131873141,0.7873183741806893,0.002834067291542793,0.22230232516286683,0.0037613761309212646,0.6694973207117962,0.0325151703834308,0.0573362922252654,0.01046377620607732
relation_support,multicall_test,without_dspy_evidence_contract,temperature_1.0,5,263,0.8661596958174905,0.0017004319220530369,0.8540149657082768,0.001291243131873141,0.7873183741806893,0.002834067291542793,0.2430161679577159,0.010132701279706119,0.5740271892115347,0.04218959870882342,0.10458571319554633,0.029588939350998267
relation_support,multicall_test,without_dspy_fewshot_contract,bias_temperature_0.25,5,263,0.779467680608365,0.03686448560772874,0.7571008065218244,0.03594485608151674,0.6710211544259519,0.0429040941390935,0.2679264761455172,0.028459194960354053,0.48883148961913764,0.06503556410674363,0.07951530520480987,0.020790854957301323
relation_support,multicall_test,without_dspy_fewshot_contract,bias_temperature_0.5,5,263,0.7863117870722434,0.03871984674707517,0.7685499958212201,0.042895244374925846,0.6813417988702732,0.04918869899893286,0.2606598036868281,0.033471599884691706,0.4567558038634363,0.018537557828032382,0.07830358044411147,0.023789017379566787
relation_support,multicall_test,without_dspy_fewshot_contract,bias_temperature_1.0,5,263,0.7893536121673004,0.02398754417579845,0.770433030723572,0.023092657416513167,0.6854399079516812,0.031123370019255962,0.24629573197791566,0.010171359656253123,0.42762970270714795,0.006671106755579673,0.06433321104733424,0.017414426201216072
relation_support,multicall_test,without_dspy_fewshot_contract,raw_1.0,5,263,0.8585551330798479,0.0017004319220530865,0.8507950766872447,0.0013931980207412314,0.7750410058132874,0.0028137039142038384,0.2273712547528517,0.0007959233768953124,0.6325106149575165,0.0025670912282489975,0.07002281368821292,0.008936518006181275
relation_support,multicall_test,without_dspy_fewshot_contract,temperature_0.25,5,263,0.8585551330798479,0.0017004319220530865,0.8507950766872447,0.0013931980207412314,0.7750410058132874,0.0028137039142038384,0.2702535683285748,0.028229141516694818,0.4787079438014283,0.022905222098559597,0.1299456811364784,0.04462956288089234
relation_support,multicall_test,without_dspy_fewshot_contract,temperature_0.5,5,263,0.8585551330798479,0.0017004319220530865,0.8507950766872447,0.0013931980207412314,0.7750410058132874,0.0028137039142038384,0.24994464419638873,0.02074258543633308,0.4574054962236532,0.0169291326508558,0.10760776135112514,0.03649121574338796
relation_support,multicall_test,without_dspy_fewshot_contract,temperature_1.0,5,263,0.8585551330798479,0.0017004319220530865,0.8507950766872447,0.0013931980207412314,0.7750410058132874,0.0028137039142038384,0.24255329818142707,0.01322980980817768,0.44603621424161216,0.0061541940328154725,0.09894372470544309,0.02099493307842997
relation_support,semantic_challenge,dspy_accuracy,bias_temperature_0.25,5,48,0.8916666666666666,0.08385254915624211,0.8703970774680688,0.10647308103029919,0.8435600238937944,0.11658498669362993,0.14335239344415387,0.10545173106012906,0.25511718423043944,0.17528755525573422,0.06473900869978765,0.04118993612109575
relation_support,semantic_challenge,dspy_accuracy,bias_temperature_0.5,5,48,0.8958333333333334,0.08715208609729955,0.8766188739772217,0.10840608667823247,0.848899190720742,0.12265326282263724,0.13932212382837494,0.09553936493120824,0.23478233307288948,0.15337555492516736,0.07382334757388738,0.043546508114917906
relation_support,semantic_challenge,dspy_accuracy,bias_temperature_1.0,5,48,0.8958333333333334,0.08589803386703462,0.8783799834509749,0.10429972673282963,0.8492140437254468,0.11952077871086143,0.135937095360397,0.08569049774455696,0.22844374217932678,0.13499008194119713,0.07390541796197984,0.0517735301963917
relation_support,semantic_challenge,dspy_accuracy,raw_1.0,5,48,0.9458333333333333,0.01863389981249823,0.939438945206387,0.022067633829228737,0.9179482659017388,0.02823293882120691,0.07455666666666666,0.014256886615675328,0.12154699728030166,0.025904878334502602,0.049125,0.002121524936350176
relation_support,semantic_challenge,dspy_accuracy,temperature_0.25,5,48,0.9458333333333333,0.01863389981249823,0.939438945206387,0.022067633829228737,0.9179482659017388,0.02823293882120691,0.1252299515181661,0.07372482423987062,0.21160932627271647,0.13038586146995593,0.11620696533741336,0.08527067319089754
relation_support,semantic_challenge,dspy_accuracy,temperature_0.5,5,48,0.9458333333333333,0.01863389981249823,0.939438945206387,0.022067633829228737,0.9179482659017388,0.02823293882120691,0.115213466017288,0.06390118908958026,0.19759804338427914,0.11183354388268645,0.10788623469889091,0.06783690230512475
relation_support,semantic_challenge,dspy_accuracy,temperature_1.0,5,48,0.9458333333333333,0.01863389981249823,0.939438945206387,0.022067633829228737,0.9179482659017388,0.02823293882120691,0.12168120400883736,0.06222543108841338,0.21016597136497062,0.10675934469512224,0.12082997218670244,0.06045273132254751
relation_support,semantic_challenge,dspy_composite,bias_temperature_0.25,5,48,0.825,0.09270248108869579,0.7888133359458663,0.11392810417054428,0.7490022542785331,0.1323558489296098,0.175423317076188,0.07472435579863082,0.30090370243208564,0.07881351336652678,0.11427402208716142,0.05175366647260957
relation_support,semantic_challenge,dspy_composite,bias_temperature_0.5,5,48,0.7958333333333333,0.0174304172194599,0.7580212434108118,0.015256480517711798,0.709168035427626,0.023967418232736588,0.19640960912872524,0.025242650411499732,0.31023158095690934,0.050925080948769845,0.13239143565798997,0.018097416691491768
relation_support,semantic_challenge,dspy_composite,bias_temperature_1.0,5,48,0.8166666666666667,0.04007371679514864,0.7889399653363987,0.04647435030972011,0.7375962946091861,0.0542151765783109,0.18387749074939527,0.036986590444253814,0.29803591602766083,0.06782486934205402,0.11409267074374975,0.019720157605088114
relation_support,semantic_challenge,dspy_composite,raw_1.0,5,48,0.9500000000000001,0.01141088661469098,0.944384814152256,0.013524013765559718,0.9238819082060253,0.01694269857223624,0.07855083333333335,0.017667740582532534,0.12989908950879175,0.02358758989634736,0.04291666666666665,0.014178150982331194
relation_support,semantic_challenge,dspy_composite,temperature_0.25,5,48,0.9500000000000001,0.01141088661469098,0.944384814152256,0.013524013765559718,0.9238819082060253,0.01694269857223624,0.13450998738414874,0.046077171360786574,0.2358039321177264,0.07474603257856718,0.1183185401230379,0.04622645995923305
relation_support,semantic_challenge,dspy_composite,temperature_0.5,5,48,0.9500000000000001,0.01141088661469098,0.944384814152256,0.013524013765559718,0.9238819082060253,0.01694269857223624,0.14368034935335702,0.034320382227643796,0.25143066471522896,0.061645605532829294,0.12901806408896987,0.044741956310456285
relation_support,semantic_challenge,dspy_composite,temperature_1.0,5,48,0.9500000000000001,0.01141088661469098,0.944384814152256,0.013524013765559718,0.9238819082060253,0.01694269857223624,0.14968621510998692,0.03447451350461995,0.26039677142827844,0.06204795153202727,0.13598213388373823,0.04594180927394131
relation_support,semantic_challenge,without_dspy_baseline_choice,bias_temperature_0.25,5,48,0.9625,0.009316949906249091,0.9591920316261402,0.011025322829229727,0.9426946610831372,0.014399283365286954,0.06134680410249081,0.004022157765014785,0.10614255748794416,0.00684062721248511,0.0417653149146367,0.007217572511015173
relation_support,semantic_challenge,without_dspy_baseline_choice,bias_temperature_0.5,5,48,0.9583333333333334,0.0,0.9540042921625387,0.000574815260941606,0.9364933742878175,0.0005327845429805167,0.07215738062641022,0.014757594059924583,0.12337091526070693,0.033462344956196974,0.056053759349403515,0.02635936607760477
relation_support,semantic_challenge,without_dspy_baseline_choice,bias_temperature_1.0,5,48,0.9625,0.009316949906249091,0.9584208360273584,0.011469945426793667,0.9434094665564166,0.014009196160992105,0.07652721629804245,0.00361260322785639,0.1350839459181741,0.003923418051320626,0.054664218534292104,0.007681978495994748
relation_support,semantic_challenge,without_dspy_baseline_choice,raw_1.0,5,48,0.9583333333333334,0.0,0.9542613573621326,0.0,0.9362551057967244,0.0,0.07064083333333333,0.002224152070015797,0.12999926435675796,0.010300458404027777,0.032958333333333326,0.003672225899308988
relation_support,semantic_challenge,without_dspy_baseline_choice,temperature_0.25,5,48,0.9583333333333334,0.0,0.9542613573621326,0.0,0.9362551057967244,0.0,0.06681751224525595,0.0019187354299766474,0.11240364932351872,0.0048522355074407785,0.027623991802729005,0.012640761676714614
relation_support,semantic_challenge,without_dspy_baseline_choice,temperature_0.5,5,48,0.9583333333333334,0.0,0.9542613573621326,0.0,0.9362551057967244,0.0,0.08002977026553278,0.02065403170861241,0.1347463702692163,0.03698307461055527,0.04784043477919815,0.032630132455051156
relation_support,semantic_challenge,without_dspy_baseline_choice,temperature_1.0,5,48,0.9583333333333334,0.0,0.9542613573621326,0.0,0.9362551057967244,0.0,0.09133295540618269,0.003711144745982977,0.15151256666655039,0.005489992530558964,0.06175036079622263,0.0067564634646885635
relation_support,semantic_challenge,without_dspy_conditional_nouls,bias_temperature_0.25,5,48,0.9666666666666667,0.01141088661469092,0.9641227058901478,0.013503207590535714,0.9491342163695499,0.01763544845334942,0.06224284735087141,0.012390528070242305,0.15367937343346202,0.02519903564062101,0.03359957876319275,0.011378207106230727
relation_support,semantic_challenge,without_dspy_conditional_nouls,bias_temperature_0.5,5,48,0.975,0.009316949906249091,0.9739840544181629,0.011025322829229727,0.9620133269423753,0.014399283365286954,0.061155259987939685,0.007961391049244175,0.15552978052910224,0.01832236177445955,0.03912794220688796,0.007225338395874194
relation_support,semantic_challenge,without_dspy_conditional_nouls,bias_temperature_1.0,5,48,0.9791666666666666,0.0,0.9789147286821706,0.0,0.968452882228788,0.0,0.05911280767944043,0.0020887872245689146,0.15263352840978606,0.01156555601203286,0.03823668343371976,0.0022927610015066172
relation_support,semantic_challenge,without_dspy_conditional_nouls,raw_1.0,5,48,0.9625,0.009316949906249091,0.9591920316261402,0.011025322829229727,0.9426946610831372,0.014399283365286954,0.07331946525000001,0.003869750892744874,0.1754400202141678,0.006987943430743926,0.08815833333333335,0.00920247374369917
relation_support,semantic_challenge,without_dspy_conditional_nouls,temperature_0.25,5,48,0.9625,0.009316949906249091,0.9591920316261402,0.011025322829229727,0.9426946610831372,0.014399283365286954,0.05861557949285609,0.004887462555953704,0.12569132321951718,0.015135528884214981,0.0421824383096866,0.006809954485307177
relation_support,semantic_challenge,without_dspy_conditional_nouls,temperature_0.5,5,48,0.9625,0.009316949906249091,0.9591920316261402,0.011025322829229727,0.9426946610831372,0.014399283365286954,0.0589165504814285,0.003662657899565929,0.1273273506364719,0.009354629816921632,0.042202887279883985,0.006687717968383449
relation_support,semantic_challenge,without_dspy_conditional_nouls,temperature_1.0,5,48,0.9625,0.009316949906249091,0.9591920316261402,0.011025322829229727,0.9426946610831372,0.014399283365286954,0.05981646237760347,0.0038523276671449357,0.12945447819771247,0.01066376277813472,0.04223765869345773,0.0024795255737026325
relation_support,semantic_challenge,without_dspy_evidence_contract,bias_temperature_0.25,5,48,0.9458333333333333,0.01863389981249823,0.939438945206387,0.022067633829228737,0.9179482659017388,0.02823293882120691,0.0857305773718176,0.029821646271944405,0.1497209890428679,0.02388738652657487,0.050001097593641346,0.028635035232471562
relation_support,semantic_challenge,without_dspy_evidence_contract,bias_temperature_0.5,5,48,0.9541666666666667,0.0174304172194599,0.9493154884162636,0.020644653917552762,0.930321463492438,0.026336080217660048,0.07816220318685535,0.016458706813914446,0.13768461498214757,0.0180632374017599,0.04389087652541465,0.0060588556169423775
relation_support,semantic_challenge,without_dspy_evidence_contract,bias_temperature_1.0,5,48,0.9583333333333334,0.0,0.9542613573621326,0.0,0.9362551057967244,0.0,0.0818645777791639,0.006424571603997208,0.14957084284732639,0.010799530871399543,0.05886945785371163,0.012038712855291454
relation_support,semantic_challenge,without_dspy_evidence_contract,raw_1.0,5,48,0.9375,0.0,0.9295699993374411,0.0,0.9053221118199766,0.0,0.07854666666666667,0.0035448189402908126,0.11870778632701835,0.00599373281820004,0.03945833333333333,0.009296663454642713
relation_support,semantic_challenge,without_dspy_evidence_contract,temperature_0.25,5,48,0.9375,0.0,0.9295699993374411,0.0,0.9053221118199766,0.0,0.07608822856409937,0.003583854781200572,0.13040975712082797,0.01348947909183392,0.06217405459855514,0.016064937724831075
relation_support,semantic_challenge,without_dspy_evidence_contract,temperature_0.5,5,48,0.9375,0.0,0.9295699993374411,0.0,0.9053221118199766,0.0,0.07396138705622694,0.0016080690452655458,0.12730301721198953,0.005285990510831243,0.0571845328876072,0.011989469371947989
relation_support,semantic_challenge,without_dspy_evidence_contract,temperature_1.0,5,48,0.9375,0.0,0.9295699993374411,0.0,0.9053221118199766,0.0,0.08990744813446232,0.008308944627300958,0.15937551154598192,0.01600746280472694,0.07532010958739027,0.022598070317691888
relation_support,semantic_challenge,without_dspy_fewshot_contract,bias_temperature_0.25,5,48,0.8125,0.0736569563735987,0.7888401207612136,0.08754034755524495,0.7305328234957281,0.10292044628148743,0.19737360421778707,0.06420034291877459,0.3460320879484635,0.1037894114042205,0.14760126246766314,0.051687773511439467
relation_support,semantic_challenge,without_dspy_fewshot_contract,bias_temperature_0.5,5,48,0.8208333333333333,0.06686169389950505,0.8035561701439297,0.07257144764931081,0.7427230030206763,0.09319752739899104,0.19025442093070843,0.057447669426479955,0.3215687506702163,0.0881111367418572,0.1371525447416862,0.045697185623773666
relation_support,semantic_challenge,without_dspy_fewshot_contract,bias_temperature_1.0,5,48,0.825,0.04320091948609945,0.8090870217212929,0.04874757267026623,0.7476166788568926,0.05846039307398867,0.17512970409545617,0.006598311750051965,0.30485435633956537,0.00958787743186956,0.14955565099966137,0.028370295521625604
relation_support,semantic_challenge,without_dspy_fewshot_contract,raw_1.0,5,48,0.9583333333333334,0.0,0.9505494505494506,0.0,0.9385035124895728,0.0,0.09113416666666668,0.0037814645255949907,0.17047315740186292,0.009745578983891499,0.05158333333333335,0.003814833074839452
relation_support,semantic_challenge,without_dspy_fewshot_contract,temperature_0.25,5,48,0.9583333333333334,0.0,0.9505494505494506,0.0,0.9385035124895728,0.0,0.20566253886554203,0.06434243984627162,0.3550912728935227,0.10263276347242899,0.21473852056003745,0.07213265790477989
relation_support,semantic_challenge,without_dspy_fewshot_contract,temperature_0.5,5,48,0.9583333333333334,0.0,0.9505494505494506,0.0,0.9385035124895728,0.0,0.16702708710608746,0.04924468904704193,0.3036413877689297,0.07738494324911878,0.17139348744684813,0.0663135763432779
relation_support,semantic_challenge,without_dspy_fewshot_contract,temperature_1.0,5,48,0.9583333333333334,0.0,0.9505494505494506,0.0,0.9385035124895728,0.0,0.15227047562749454,0.018808667266801492,0.28794765379444776,0.022297076813219407,0.16205336823021627,0.017493249110458277
relation_support,test,dspy_accuracy,bias_temperature_0.25,5,339,0.8395280235988201,0.018374526846486657,0.8343678149847586,0.021632937055828454,0.757850923646108,0.02206352237300204,0.25346400631594523,0.029870639222397955,0.7644230115920465,0.2930832560748532,0.0704159454725428,0.029458833313722333
relation_support,test,dspy_accuracy,bias_temperature_0.5,5,339,0.8407079646017699,0.019230685561069744,0.8355549273446933,0.021607699024069307,0.758727422664324,0.022359246901260565,0.24079519202204644,0.022569125617809292,0.6802272204198785,0.1648647421446002,0.05618034479650499,0.016200006849445885
relation_support,test,dspy_accuracy,bias_temperature_1.0,5,339,0.8353982300884956,0.01750135336187768,0.8296768018209684,0.02037587189002337,0.7509811745808896,0.0206005775318429,0.24138033777159312,0.015985716022437473,0.5991107126824204,0.12682445455447613,0.048489632000379514,0.01065083215431704
relation_support,test,dspy_accuracy,raw_1.0,5,339,0.8460176991150442,0.014660499869957723,0.8438323284380177,0.01611323640344766,0.7660057142657108,0.02004794936366383,0.25307303834808276,0.02131705338811429,1.3347508940735262,0.11583357607881387,0.08011209439528022,0.01233353052950281
relation_support,test,dspy_accuracy,temperature_0.25,5,339,0.8460176991150442,0.014660499869957723,0.8438323284380177,0.01611323640344766,0.7660057142657108,0.02004794936366383,0.27425542692449334,0.055285324817406944,0.7698058568745855,0.18715517223639375,0.09470874280619128,0.05467987605860377
relation_support,test,dspy_accuracy,temperature_0.5,5,339,0.8460176991150442,0.014660499869957723,0.8438323284380177,0.01611323640344766,0.7660057142657108,0.02004794936366383,0.26688167658289236,0.046248764375755584,0.7348974456530469,0.12098028156436257,0.08351083647653477,0.051030800292739514
relation_support,test,dspy_accuracy,temperature_1.0,5,339,0.8460176991150442,0.014660499869957723,0.8438323284380177,0.01611323640344766,0.7660057142657108,0.02004794936366383,0.2739413275735144,0.044280481087668716,0.6749765984530239,0.0871486649659928,0.10080811374296487,0.04734706320940548
relation_support,test,dspy_composite,bias_temperature_0.25,5,339,0.7746312684365781,0.044129635763919164,0.7612834316231689,0.04665071685333968,0.6783568911113852,0.05216503855397803,0.29340737098948755,0.031319955302040466,0.6529188742051364,0.2856203072943293,0.09416525096174172,0.01290240041796543
relation_support,test,dspy_composite,bias_temperature_0.5,5,339,0.7781710914454277,0.033980969328222324,0.7704219146320953,0.038706541671476476,0.6817244739672982,0.040224939959789624,0.2807156558150328,0.021023465448805803,0.5169987086259655,0.030106168497004638,0.07461525809577206,0.021084967178189657
relation_support,test,dspy_composite,bias_temperature_1.0,5,339,0.792330383480826,0.02542697573983476,0.7877793719442859,0.027160073897658232,0.6957435438618015,0.031411446717200045,0.2738567355820951,0.01117907830334041,0.5013468616803003,0.022254842520808966,0.06404695370680845,0.011961244836037272
relation_support,test,dspy_composite,raw_1.0,5,339,0.8578171091445428,0.011500642294759866,0.8554822094969826,0.011334447439306044,0.7832676590687738,0.01644306831262133,0.24222336283185866,0.012678626496045502,1.135999612184203,0.13310745981631486,0.07900884955752213,0.009185335789981604
relation_support,test,dspy_composite,temperature_0.25,5,339,0.8578171091445428,0.011500642294759866,0.8554822094969826,0.011334447439306044,0.7832676590687738,0.01644306831262133,0.30072967434327824,0.025041019374790308,0.6431969530400193,0.21514668432937428,0.15134815341544072,0.04946528780970668
relation_support,test,dspy_composite,temperature_0.5,5,339,0.8578171091445428,0.011500642294759866,0.8554822094969826,0.011334447439306044,0.7832676590687738,0.01644306831262133,0.2953991360048901,0.023542339907197687,0.562327873386202,0.017139237636727294,0.15872059663651572,0.015559052696423393
relation_support,test,dspy_composite,temperature_1.0,5,339,0.8578171091445428,0.011500642294759866,0.8554822094969826,0.011334447439306044,0.7832676590687738,0.01644306831262133,0.30110153424233416,0.018118932509601123,0.5563525082069981,0.020480999753537062,0.1639390365061955,0.011822798213640687
relation_support,test,without_dspy_baseline_choice,bias_temperature_0.25,5,339,0.8495575221238938,0.01504135549732387,0.845378791304094,0.021101677242490794,0.7679875878326121,0.025067501303823327,0.23149854448560023,0.009939868427681308,0.8067386137319962,0.09475124578094629,0.059090166132717135,0.018355065354665818
relation_support,test,without_dspy_baseline_choice,bias_temperature_0.5,5,339,0.8371681415929203,0.02015852455843053,0.8275396563295464,0.03071172759949101,0.7480578309860396,0.03214745496900627,0.2509898113650319,0.03443866426935622,0.7066921791669355,0.17449392996486565,0.0744050019528191,0.039285244746493725
relation_support,test,without_dspy_baseline_choice,bias_temperature_1.0,5,339,0.8230088495575222,0.005518668712055979,0.807119236812012,0.010201103769628761,0.7254850792830625,0.007929132248252403,0.2723804266452355,0.007445917870591122,0.527350242855973,0.01837025153871944,0.09739025027480257,0.008891980566547499
relation_support,test,without_dspy_baseline_choice,raw_1.0,5,339,0.8495575221238938,0.004171721422929504,0.8468996763726732,0.004035478553046418,0.7706988511260932,0.006300119662892125,0.23366678466076696,0.0011839952031580366,1.255836825874469,0.07501907082261182,0.0760117994100295,0.005547346464102277
relation_support,test,without_dspy_baseline_choice,temperature_0.25,5,339,0.8495575221238938,0.004171721422929504,0.8468996763726732,0.004035478553046418,0.7706988511260932,0.006300119662892125,0.2336982751831765,0.0033933349428936417,0.7929006126927082,0.05643509614489867,0.06813189570825273,0.006082990942249567
relation_support,test,without_dspy_baseline_choice,temperature_0.5,5,339,0.8495575221238938,0.004171721422929504,0.8468996763726732,0.004035478553046418,0.7706988511260932,0.006300119662892125,0.2599007459007966,0.03915641488984603,0.7208294876767227,0.16204122987572556,0.09771201460271796,0.05361013691064084
relation_support,test,without_dspy_baseline_choice,temperature_1.0,5,339,0.8495575221238938,0.004171721422929504,0.8468996763726732,0.004035478553046418,0.7706988511260932,0.006300119662892125,0.2859824251741329,0.00832711566187236,0.5617215825358965,0.019485003947459632,0.1382278183209379,0.010661151391964536
relation_support,test,without_dspy_conditional_nouls,bias_temperature_0.25,5,339,0.8436578171091446,0.011982357528961618,0.8415727524360158,0.01580926800501126,0.758189647759882,0.018752417361441488,0.24154001046341028,0.019548733173020742,0.46561652145232124,0.04390674303493564,0.052371329046340155,0.02173675857405694
relation_support,test,without_dspy_conditional_nouls,bias_temperature_0.5,5,339,0.8519174041297936,0.006395127843268081,0.8508673985551309,0.005549144217955499,0.7704704085599319,0.0099010664192459,0.23352530294431426,0.0033450829294272024,0.4423611337041291,0.007884433108450233,0.041636075116526575,0.014010144970249959
relation_support,test,without_dspy_conditional_nouls,bias_temperature_1.0,5,339,0.8454277286135693,0.001615700759602222,0.8433208379084376,0.0017285117995909577,0.7599237632139868,0.0024013883543550817,0.23115626604396222,0.001972540057630885,0.4313003229852919,0.0034502430747797683,0.029498809053347595,0.006069796479963194
relation_support,test,without_dspy_conditional_nouls,raw_1.0,5,339,0.8489675516224189,0.002468023677091703,0.8490847908729833,0.002837255765752966,0.7673014622114105,0.0036335138162179982,0.2479116881651919,0.0014952680769508152,0.4811390439298551,0.00240576617607611,0.08358141592920354,0.0018265541511279014
relation_support,test,without_dspy_conditional_nouls,temperature_0.25,5,339,0.8489675516224189,0.002468023677091703,0.8490847908729833,0.002837255765752966,0.7673014622114105,0.0036335138162179982,0.23566632351658345,0.0023318426137155283,0.4666281074429345,0.011752273607037086,0.03847667483718757,0.010080600359981394
relation_support,test,without_dspy_conditional_nouls,temperature_0.5,5,339,0.8489675516224189,0.002468023677091703,0.8490847908729833,0.002837255765752966,0.7673014622114105,0.0036335138162179982,0.23524343279053728,0.0018943476153237553,0.4631218289377101,0.006643894508802386,0.03546570009034341,0.0045962945932499335
relation_support,test,without_dspy_conditional_nouls,temperature_1.0,5,339,0.8489675516224189,0.002468023677091703,0.8490847908729833,0.002837255765752966,0.7673014622114105,0.0036335138162179982,0.23504898428914694,0.0017284229467071745,0.4600400959472422,0.003322713900108421,0.0325930397010875,0.006469662811139042
relation_support,test,without_dspy_evidence_contract,bias_temperature_0.25,5,339,0.8460176991150442,0.016476979402677193,0.8411380657138652,0.02034093149926813,0.7644981045308566,0.024151667473801666,0.23926809036761099,0.016634299919768322,0.8377786186954191,0.24249237341193589,0.06224737195028047,0.021142261367226713
relation_support,test,without_dspy_evidence_contract,bias_temperature_0.5,5,339,0.8572271386430679,0.010958215705608667,0.8543853283488774,0.012106965028145183,0.7791917312811796,0.01818766339763207,0.2288929255691596,0.0063773439128807135,0.7788347165008155,0.07651213076285375,0.05962947241945475,0.0049498665899997355
relation_support,test,without_dspy_evidence_contract,bias_temperature_1.0,5,339,0.8442477876106195,0.006726698673151259,0.8367976796141505,0.009485627476030154,0.7597974613336544,0.009166884092858157,0.24530046867814218,0.011347834644795024,0.6066012053788155,0.0721089238639226,0.05954951320235946,0.016895971995580447
relation_support,test,without_dspy_evidence_contract,raw_1.0,5,339,0.856637168141593,0.005750321147379952,0.8553678380587045,0.005730869028392734,0.7800147404651164,0.008988253840315465,0.23775480825958717,0.0013308006200680685,1.2546700370288086,0.001154828824138195,0.0777522123893805,0.006188590900885234
relation_support,test,without_dspy_evidence_contract,temperature_0.25,5,339,0.856637168141593,0.005750321147379952,0.8553678380587045,0.005730869028392734,0.7800147404651164,0.008988253840315465,0.2367461281327571,0.005126536955698515,0.821064278224862,0.13092286047766585,0.06671073510813427,0.007393214000225421
relation_support,test,without_dspy_evidence_contract,temperature_0.5,5,339,0.856637168141593,0.005750321147379952,0.8553678380587045,0.005730869028392734,0.7800147404651164,0.008988253840315465,0.23418161397964007,0.003007276949818932,0.8152596591154382,0.049864226102188255,0.049437452298898614,0.009562873882009954
relation_support,test,without_dspy_evidence_contract,temperature_1.0,5,339,0.856637168141593,0.005750321147379952,0.8553678380587045,0.005730869028392734,0.7800147404651164,0.008988253840315465,0.25373747907343996,0.010069136816363136,0.6651508877894322,0.06515107510513375,0.10175185829965344,0.029688125304706835
relation_support,test,without_dspy_fewshot_contract,bias_temperature_0.25,5,339,0.7604719764011799,0.05072545649251154,0.7485573744469209,0.05157144888228705,0.6484476843927212,0.06502348308471657,0.3058257348435964,0.03881138709463175,0.6786214688741857,0.2856978604745998,0.09569914889832677,0.019598151549326818
relation_support,test,without_dspy_fewshot_contract,bias_temperature_0.5,5,339,0.7752212389380531,0.05232975160330602,0.7689047929889221,0.05295246558608653,0.6682889266248618,0.0709792993362469,0.29390046539397835,0.04566855822570057,0.6263696813750745,0.13218053852908632,0.08969218993624196,0.02325225230929396
relation_support,test,without_dspy_fewshot_contract,bias_temperature_1.0,5,339,0.7787610619469026,0.0350896084170216,0.774245054782664,0.035624848544499745,0.6708971275886574,0.047866089217794824,0.27896178844417946,0.01606007184912087,0.5759763937494307,0.01558784572658491,0.09109471316936425,0.011552780477248992
relation_support,test,without_dspy_fewshot_contract,raw_1.0,5,339,0.8601769911504424,0.007104185592207824,0.8584049398934117,0.007253668898931237,0.7861622818893714,0.010830576152404363,0.22593215339233047,0.0019974890913364426,1.2827380255792655,0.04723111332634051,0.0703244837758112,0.005191991814776652
relation_support,test,without_dspy_fewshot_contract,temperature_0.25,5,339,0.8601769911504424,0.007104185592207824,0.8584049398934117,0.007253668898931237,0.7861622818893714,0.010830576152404363,0.2922351661970523,0.03982699148137882,0.6326383227823348,0.16545372696049998,0.15604479071315316,0.06107962275426671
relation_support,test,without_dspy_fewshot_contract,temperature_0.5,5,339,0.8601769911504424,0.007104185592207824,0.8584049398934117,0.007253668898931237,0.7861622818893714,0.010830576152404363,0.2682504643725542,0.029238558058956518,0.6379411354189547,0.10726331341244705,0.1389944234248725,0.048784593629786384
relation_support,test,without_dspy_fewshot_contract,temperature_1.0,5,339,0.8601769911504424,0.007104185592207824,0.8584049398934117,0.007253668898931237,0.7861622818893714,0.010830576152404363,0.2598532815128293,0.0165072773325232,0.6243007091831657,0.026586788113841724,0.1326394215742698,0.022266824648372225
