workflow,panel,selection,seed,calibration,policy_accuracy,policy_coverage,forecast_n,forecast_accuracy,forecast_macro_f1,forecast_mcc,forecast_brier,forecast_log_loss,forecast_ece,forecast_aurc
single,full_transfer,baseline,0,raw,0.8630952380952381,1.0,336,0.8630952380952381,0.8545391491837057,0.7809550820230128,0.20953035714285725,0.7472542087184075,0.05994047619047615,0.04209516950875304
single,full_transfer,baseline,0,temperature,0.8630952380952381,1.0,336,0.8630952380952381,0.8545391491837057,0.7809550820230128,0.22896380570333427,0.5058295808890646,0.09313471981988168,0.0425655938065716
single,full_transfer,baseline,0,temperature_bias,0.8630952380952381,1.0,336,0.8601190476190477,0.8465211163004601,0.7790145191432754,0.21862873599711027,0.47838785893609975,0.06588544052437108,0.03839237859645005
single,full_transfer,dspy,17,raw,0.8690476190476191,1.0,336,0.8690476190476191,0.857817587409684,0.7909234326693557,0.20745349988582318,0.74456518796871,0.052941017316017316,0.041900756180323094
single,full_transfer,dspy,17,temperature,0.8690476190476191,1.0,336,0.8690476190476191,0.857817587409684,0.7909234326693557,0.2289035405085414,0.5060990708754475,0.10046450561500513,0.04243877571260678
single,full_transfer,dspy,17,temperature_bias,0.8690476190476191,1.0,336,0.8571428571428571,0.8440859763883819,0.7746309687038582,0.22055578987570795,0.4799457719511139,0.06369438326401088,0.03878744086075633
single,full_transfer,dspy,29,raw,0.8630952380952381,1.0,336,0.8630952380952381,0.8545391491837057,0.7809550820230128,0.20883154761904762,0.7459366847503128,0.07002976190476193,0.04223780660140546
single,full_transfer,dspy,29,temperature,0.8630952380952381,1.0,336,0.8630952380952381,0.8545391491837057,0.7809550820230128,0.2302080995596899,0.5044060318997048,0.09486756190828922,0.042505519507008115
single,full_transfer,dspy,29,temperature_bias,0.8630952380952381,1.0,336,0.8452380952380952,0.827131187959269,0.754453290878157,0.22285222017357653,0.4743123013988426,0.07023186425046324,0.03910148361998643
single,full_transfer,dspy,43,raw,0.8660714285714286,1.0,336,0.8660714285714286,0.8554671527520593,0.7861867829792939,0.20817559523809534,0.7460784576390748,0.056964285714285696,0.041841953171075405
single,full_transfer,dspy,43,temperature,0.8660714285714286,1.0,336,0.8660714285714286,0.8554671527520593,0.7861867829792939,0.22771474211933804,0.505085741610095,0.09413722380408254,0.04197221117775067
single,full_transfer,dspy,43,temperature_bias,0.8660714285714286,1.0,336,0.8571428571428571,0.8440859763883819,0.7746309687038582,0.21977074844037012,0.47947292446801465,0.06520922164653718,0.03870149050638319
single,full_transfer,dspy,71,raw,0.8690476190476191,1.0,336,0.8690476190476191,0.859292776785196,0.7905158809721932,0.20823630952380962,0.7451629138415969,0.053422619047619024,0.04212580038251278
single,full_transfer,dspy,71,temperature,0.8690476190476191,1.0,336,0.8690476190476191,0.859292776785196,0.7905158809721932,0.22683238013239182,0.506695187143652,0.09443953457665011,0.042663944559334144
single,full_transfer,dspy,71,temperature_bias,0.8690476190476191,1.0,336,0.8601190476190477,0.8465211163004601,0.7790145191432754,0.21695162260766043,0.47823428819260194,0.05802651533862984,0.03810421922188926
single,full_transfer,dspy,101,raw,0.875,1.0,336,0.875,0.8661706379919437,0.800454231356455,0.20726480940963274,0.7464114349499265,0.06014339826839822,0.04186225458782674
single,full_transfer,dspy,101,temperature,0.875,1.0,336,0.875,0.8661706379919437,0.800454231356455,0.2284469776183667,0.5061541603482242,0.10434089254643013,0.04227629839270906
single,full_transfer,dspy,101,temperature_bias,0.875,1.0,336,0.8660714285714286,0.8551259616542201,0.7882136944699603,0.21870799274389466,0.47706777103352876,0.06780861317485379,0.03794359218193474
single,original_development,baseline,0,raw,0.9178082191780822,1.0,73,0.9178082191780822,0.90449011567024,0.8669576714453961,0.15410684931506846,1.5638277757730017,0.056849315068493105,0.03205675806842496
single,original_development,baseline,0,temperature,0.9178082191780822,1.0,73,0.9178082191780822,0.90449011567024,0.8669576714453961,0.22242671924713944,0.8004412761288066,0.16435707722336443,0.03740825051760213
single,original_development,baseline,0,temperature_bias,0.9178082191780822,1.0,73,0.9041095890410958,0.8945860222651404,0.8460299694140243,0.21575839130535168,0.7476279960417529,0.12163987244533273,0.03501983505996576
single,original_development,dspy,17,raw,0.9178082191780822,1.0,73,0.9178082191780822,0.90449011567024,0.8669576714453961,0.15530958904109587,1.5646503355190866,0.04890410958904115,0.03298232185078301
single,original_development,dspy,17,temperature,0.9178082191780822,1.0,73,0.9178082191780822,0.90449011567024,0.8669576714453961,0.22317883842069394,0.7990438986909503,0.16617570209247962,0.037624795767359685
single,original_development,dspy,17,temperature_bias,0.9178082191780822,1.0,73,0.9041095890410958,0.8945860222651404,0.8460299694140243,0.21607335564549776,0.7413791598773674,0.12296643982432734,0.03584799224879027
single,original_development,dspy,29,raw,0.9178082191780822,1.0,73,0.9178082191780822,0.90449011567024,0.8669576714453961,0.15597808219178086,1.5666766440946596,0.046438356164383604,0.035337425780148674
single,original_development,dspy,29,temperature,0.9178082191780822,1.0,73,0.9178082191780822,0.90449011567024,0.8669576714453961,0.22803541571400884,0.7998156607118586,0.17249834717520093,0.039924614849296665
single,original_development,dspy,29,temperature_bias,0.9178082191780822,1.0,73,0.8767123287671232,0.8625049323959768,0.7996344528024825,0.2245710878959255,0.728795372565697,0.1290474901137774,0.038730574884738175
single,original_development,dspy,43,raw,0.9178082191780822,1.0,73,0.9178082191780822,0.90449011567024,0.8669576714453961,0.15296164383561645,1.561947016934612,0.04068493150684931,0.03244032950436254
single,original_development,dspy,43,temperature,0.9178082191780822,1.0,73,0.9178082191780822,0.90449011567024,0.8669576714453961,0.22039999261523224,0.8015373419773213,0.16350198045765119,0.03664126810780931
single,original_development,dspy,43,temperature_bias,0.9178082191780822,1.0,73,0.9041095890410958,0.8945860222651404,0.8460299694140243,0.21472305674406217,0.7449038777918844,0.12275168403074885,0.034064878170292495
single,original_development,dspy,71,raw,0.9178082191780822,1.0,73,0.9178082191780822,0.90449011567024,0.8669576714453961,0.15321369863013698,1.563398819649091,0.038082191780821874,0.032410175287079866
single,original_development,dspy,71,temperature,0.9178082191780822,1.0,73,0.9178082191780822,0.90449011567024,0.8669576714453961,0.21908243247464979,0.8101118523012613,0.1600795114677577,0.037321738332956565
single,original_development,dspy,71,temperature_bias,0.9178082191780822,1.0,73,0.9041095890410958,0.8945860222651404,0.8460299694140243,0.21392033011201309,0.754375628829457,0.11865842439801959,0.03451614511553296
single,original_development,dspy,101,raw,0.9178082191780822,1.0,73,0.9178082191780822,0.90449011567024,0.8669576714453961,0.15206027397260277,1.5612893015040736,0.03972602739726022,0.03221900962559041
single,original_development,dspy,101,temperature,0.9178082191780822,1.0,73,0.9178082191780822,0.90449011567024,0.8669576714453961,0.22096302085534747,0.8001734635229971,0.1636426415689027,0.03669873757062656
single,original_development,dspy,101,temperature_bias,0.9178082191780822,1.0,73,0.9041095890410958,0.8945860222651404,0.8460299694140243,0.2133205633587077,0.7385740053512863,0.12316169794951053,0.03363483256679229
single,original_test,baseline,0,raw,0.8479087452471483,1.0,263,0.8479087452471483,0.8391415334258981,0.7568548754306943,0.22491406844106454,0.5206007091177031,0.07060836501901137,0.04492354163396203
single,original_test,baseline,0,temperature,0.8479087452471483,1.0,263,0.8479087452471483,0.8391415334258981,0.7568548754306943,0.2307782821721643,0.4240552320202374,0.07336577651016972,0.04449647891195888
single,original_test,baseline,0,temperature_bias,0.8479087452471483,1.0,263,0.8479087452471483,0.8311214140828745,0.7598429275475946,0.2194254476415908,0.40365580567103365,0.05204147521417001,0.038965044713828535
single,original_test,dspy,17,raw,0.8555133079847909,1.0,263,0.8555133079847909,0.8434389769252154,0.769540252936793,0.22192690479709715,0.5169369911201267,0.06600069132388518,0.044746881302964905
single,original_test,dspy,17,temperature,0.8555133079847909,1.0,263,0.8555133079847909,0.8434389769252154,0.769540252936793,0.23049252625916108,0.42478738863008003,0.0822252761744894,0.04439931728658666
single,original_test,dspy,17,temperature_bias,0.8555133079847909,1.0,263,0.844106463878327,0.8279164219646183,0.7542485563953317,0.2217999636354244,0.4073806110438269,0.05869775129425024,0.039795993764068054
single,original_test,dspy,29,raw,0.8479087452471483,1.0,263,0.8479087452471483,0.8391415334258981,0.7568548754306943,0.22350190114068422,0.5181267340577757,0.07878326996197722,0.04457934199601911
single,original_test,dspy,29,temperature,0.8479087452471483,1.0,263,0.8479087452471483,0.8391415334258981,0.7568548754306943,0.23081116389708412,0.42241020337009494,0.07376904666096258,0.04397152518142607
single,original_test,dspy,29,temperature_bias,0.8479087452471483,1.0,263,0.8365019011406845,0.8155121306243034,0.7409989746152017,0.22237512000729717,0.4036763158658359,0.06218744320767787,0.03930326184602055
single,original_test,dspy,43,raw,0.8517110266159695,1.0,263,0.8517110266159695,0.8404939809049398,0.7635211447084398,0.2235011406844106,0.519620644602671,0.062167300380228156,0.04458261386988576
single,original_test,dspy,43,temperature,0.8517110266159695,1.0,263,0.8517110266159695,0.8404939809049398,0.7635211447084398,0.22974507182960305,0.422800696641245,0.07531708424130469,0.04375856843895561
single,original_test,dspy,43,temperature_bias,0.8517110266159695,1.0,263,0.844106463878327,0.8279164219646183,0.7542485563953317,0.2211718187591173,0.40579817316519184,0.05465599320487032,0.039609968350233414
single,original_test,dspy,71,raw,0.8555133079847909,1.0,263,0.8555133079847909,0.8452159764866426,0.7690379297036246,0.22350874524714814,0.5180480046250681,0.05973384030418248,0.04481961432924748
single,original_test,dspy,71,temperature,0.8555133079847909,1.0,263,0.8555133079847909,0.8452159764866426,0.7690379297036246,0.2289835062883429,0.4224768732405899,0.07622007331029705,0.04459756817025521
single,original_test,dspy,71,temperature_bias,0.8555133079847909,1.0,263,0.8479087452471483,0.8311214140828745,0.7598429275475946,0.21779300797717452,0.40158669174206707,0.04472092437314651,0.03855988245959558
single,original_test,dspy,101,raw,0.8631178707224335,1.0,263,0.8631178707224335,0.8539562903889281,0.781677640985321,0.22258774129899814,0.5202286050698783,0.06702730729346695,0.04480181563760258
single,original_test,dspy,101,temperature,0.8631178707224335,1.0,263,0.8631178707224335,0.8539562903889281,0.781677640985321,0.23052427360201821,0.424544239695149,0.08788071125882367,0.04429189321332748
single,original_test,dspy,101,temperature_bias,0.8631178707224335,1.0,263,0.8555133079847909,0.8421609994208654,0.7716083834823868,0.22020336287742576,0.4044823904054055,0.05354879715339634,0.03892740600405847
repeat_vote,full_transfer,baseline,0,raw,0.8690476190476191,1.0,336,0.8660714285714286,0.8569490211281257,0.7857846880814028,0.20799464285714292,0.7455792705083579,0.05500992063492064,0.04354600433009702
repeat_vote,full_transfer,baseline,0,temperature,0.8690476190476191,1.0,336,0.8660714285714286,0.8569490211281257,0.7857846880814028,0.2274042012369614,0.5128753351425615,0.09527053116347992,0.04383771297459411
repeat_vote,full_transfer,baseline,0,temperature_bias,0.8690476190476191,1.0,336,0.8630952380952381,0.8488189295749433,0.7842308213727193,0.21817009793058242,0.4838525481709657,0.06972421601953448,0.03963244844583112
repeat_vote,full_transfer,dspy,17,raw,0.8630952380952381,1.0,336,0.8660714285714286,0.8569490211281257,0.7857846880814028,0.20722505758779622,0.6588607075270115,0.05436147186147189,0.04230609568263702
repeat_vote,full_transfer,dspy,17,temperature,0.8630952380952381,1.0,336,0.8660714285714286,0.8569490211281257,0.7857846880814028,0.22561907161651418,0.4806225843397378,0.08897073309368013,0.042858391808960714
repeat_vote,full_transfer,dspy,17,temperature_bias,0.8630952380952381,1.0,336,0.8571428571428571,0.8417449389154191,0.7736259223119604,0.2160703652053891,0.453125544506443,0.06016601338812282,0.03648449294228216
repeat_vote,full_transfer,dspy,29,raw,0.8690476190476191,1.0,336,0.8630952380952381,0.8546016247025578,0.7810734410280462,0.20769742063492072,0.6600063416121392,0.06529761904761908,0.04242751429812216
repeat_vote,full_transfer,dspy,29,temperature,0.8690476190476191,1.0,336,0.8630952380952381,0.8546016247025578,0.7810734410280462,0.22634976902184537,0.4808067961374424,0.08863855280501173,0.043035251870386926
repeat_vote,full_transfer,dspy,29,temperature_bias,0.8690476190476191,1.0,336,0.8571428571428571,0.8391868360333778,0.7738666588611209,0.2164565287172277,0.45219038854643284,0.06858399305616297,0.036232875921797345
repeat_vote,full_transfer,dspy,43,raw,0.8630952380952381,1.0,336,0.8630952380952381,0.8546016247025578,0.7810734410280462,0.20759715608465618,0.6594303492178208,0.0574702380952381,0.04237298560298625
repeat_vote,full_transfer,dspy,43,temperature,0.8630952380952381,1.0,336,0.8630952380952381,0.8546016247025578,0.7810734410280462,0.22505582500315596,0.4802155407030747,0.08473025189505216,0.042801849781004236
repeat_vote,full_transfer,dspy,43,temperature_bias,0.8630952380952381,1.0,336,0.8601190476190477,0.8465211163004601,0.7790145191432754,0.21609643569881515,0.4530090262223947,0.06525004844672537,0.03652371985374046
repeat_vote,full_transfer,dspy,71,raw,0.8690476190476191,1.0,336,0.8660714285714286,0.8569490211281257,0.7857846880814028,0.20702652116402112,0.7444807379558331,0.05124999999999999,0.04318796468331989
repeat_vote,full_transfer,dspy,71,temperature,0.8690476190476191,1.0,336,0.8660714285714286,0.8569490211281257,0.7857846880814028,0.22585149758351553,0.5117519319826433,0.0925007495244443,0.04354222118647904
repeat_vote,full_transfer,dspy,71,temperature_bias,0.8690476190476191,1.0,336,0.8630952380952381,0.8512362524157306,0.784009127310852,0.21662382883482612,0.48271505396635495,0.06436037847680882,0.03879803328498914
repeat_vote,full_transfer,dspy,101,raw,0.8690476190476191,1.0,336,0.8660714285714286,0.8569490211281257,0.7857846880814028,0.20685362093221243,0.6572381391547624,0.052627164502164536,0.04225743958302329
repeat_vote,full_transfer,dspy,101,temperature,0.8690476190476191,1.0,336,0.8660714285714286,0.8569490211281257,0.7857846880814028,0.2261950190080417,0.4804158274204948,0.09085701092673233,0.04275458669377671
repeat_vote,full_transfer,dspy,101,temperature_bias,0.8690476190476191,1.0,336,0.8571428571428571,0.8417449389154191,0.7736259223119604,0.21534679490449665,0.4514971922451768,0.0670765732229266,0.03563397202550868
repeat_vote,original_development,baseline,0,raw,0.9178082191780822,1.0,73,0.9178082191780822,0.90449011567024,0.8669576714453961,0.15544566210045663,1.5647655437051788,0.048493150684931485,0.03727194550656431
repeat_vote,original_development,baseline,0,temperature,0.9178082191780822,1.0,73,0.9178082191780822,0.90449011567024,0.8669576714453961,0.2198213791494451,0.8223685752800018,0.16659319039471773,0.041195319348000754
repeat_vote,original_development,baseline,0,temperature_bias,0.9178082191780822,1.0,73,0.9041095890410958,0.8945860222651404,0.8460299694140243,0.21321287640103057,0.7598232591643687,0.11921924133564608,0.038405726502364054
repeat_vote,original_development,dspy,17,raw,0.9178082191780822,1.0,73,0.9178082191780822,0.90449011567024,0.8669576714453961,0.15652085235920854,1.171730192607728,0.04698630136986306,0.029222595205104087
repeat_vote,original_development,dspy,17,temperature,0.9178082191780822,1.0,73,0.9178082191780822,0.90449011567024,0.8669576714453961,0.21447200224844884,0.677447341870972,0.1395442524576014,0.03363965344433452
repeat_vote,original_development,dspy,17,temperature_bias,0.9178082191780822,1.0,73,0.9041095890410958,0.8945860222651404,0.8460299694140243,0.2037981002899725,0.619289695890237,0.11299870258950773,0.02339464205625326
repeat_vote,original_development,dspy,29,raw,0.9178082191780822,1.0,73,0.9178082191780822,0.90449011567024,0.8669576714453961,0.15695129375951294,1.173369298000998,0.056210045662100486,0.02979172374686014
repeat_vote,original_development,dspy,29,temperature,0.9178082191780822,1.0,73,0.9178082191780822,0.90449011567024,0.8669576714453961,0.2157168016624064,0.677182262502874,0.14086395792092535,0.03369453004759351
repeat_vote,original_development,dspy,29,temperature_bias,0.9178082191780822,1.0,73,0.9041095890410958,0.8945860222651404,0.8460299694140243,0.2041568079552346,0.6152823135991743,0.11322642235493673,0.023014124552448084
repeat_vote,original_development,dspy,43,raw,0.9178082191780822,1.0,73,0.9178082191780822,0.90449011567024,0.8669576714453961,0.15596590563165905,1.170537996360348,0.048447488584474854,0.029845260211330733
repeat_vote,original_development,dspy,43,temperature,0.9178082191780822,1.0,73,0.9178082191780822,0.90449011567024,0.8669576714453961,0.21331373414592256,0.6778538074491255,0.1384836649470939,0.03376863405276718
repeat_vote,original_development,dspy,43,temperature_bias,0.9178082191780822,1.0,73,0.9041095890410958,0.8945860222651404,0.8460299694140243,0.2041406789542808,0.6209496897205768,0.12729689095579105,0.023786031488738583
repeat_vote,original_development,dspy,71,raw,0.9178082191780822,1.0,73,0.9178082191780822,0.90449011567024,0.8669576714453961,0.15422617960426183,1.5642470694167274,0.03917808219178085,0.03700851031162227
repeat_vote,original_development,dspy,71,temperature,0.9178082191780822,1.0,73,0.9178082191780822,0.90449011567024,0.8669576714453961,0.2181342912336797,0.8261725808371283,0.16482734494420234,0.04086753700695698
repeat_vote,original_development,dspy,71,temperature_bias,0.9178082191780822,1.0,73,0.9041095890410958,0.8945860222651404,0.8460299694140243,0.21184956776039698,0.7632761040850051,0.1315595014413129,0.03814325747552203
repeat_vote,original_development,dspy,101,raw,0.9178082191780822,1.0,73,0.9178082191780822,0.90449011567024,0.8669576714453961,0.15382100456621003,1.1587602016622671,0.040913242009132406,0.02756822343263899
repeat_vote,original_development,dspy,101,temperature,0.9178082191780822,1.0,73,0.9178082191780822,0.90449011567024,0.8669576714453961,0.2124704031608582,0.668726809470274,0.13917301421101766,0.031447813115992096
repeat_vote,original_development,dspy,101,temperature_bias,0.9178082191780822,1.0,73,0.9041095890410958,0.8945860222651404,0.8460299694140243,0.1998447227518919,0.6107463206680839,0.12464621872583098,0.020843024946080754
repeat_vote,original_test,baseline,0,raw,0.8555133079847909,1.0,263,0.8517110266159695,0.8422825324573081,0.7630278020610523,0.22258048162230665,0.5182005711039166,0.06356147021546263,0.04612932992641381
repeat_vote,original_test,baseline,0,temperature,0.8555133079847909,1.0,263,0.8517110266159695,0.8422825324573081,0.7630278020610523,0.22950893892665195,0.4269703673477587,0.08361245209809309,0.04539666040630666
repeat_vote,original_test,baseline,0,temperature_bias,0.8555133079847909,1.0,263,0.8517110266159695,0.8340061522765616,0.766554987956345,0.21954605675817687,0.4072523128001732,0.056865030802202884,0.040036374467612594
repeat_vote,original_test,dspy,17,raw,0.8479087452471483,1.0,263,0.8517110266159695,0.8422825324573081,0.7630278020610523,0.221298848392689,0.516505299120577,0.06649729231478281,0.045674577401550974
repeat_vote,original_test,dspy,17,temperature,0.8479087452471483,1.0,263,0.8517110266159695,0.8422825324573081,0.7630278020610523,0.22871312509130054,0.4259906174204222,0.08314710526303258,0.045248990057734084
repeat_vote,original_test,dspy,17,temperature_bias,0.8479087452471483,1.0,263,0.844106463878327,0.8249299719887956,0.7529635980924424,0.2194767353149913,0.40700393594744394,0.053549979525281656,0.039884376646047555
repeat_vote,original_test,dspy,29,raw,0.8555133079847909,1.0,263,0.8479087452471483,0.839345123264955,0.7570519311867417,0.22178284748626947,0.5175139620821512,0.0745627376425855,0.04609312947428794
repeat_vote,original_test,dspy,29,temperature,0.8555133079847909,1.0,263,0.8479087452471483,0.839345123264955,0.7570519311867417,0.22930112498092886,0.42629953741243715,0.0872624181269926,0.0457840667478455
repeat_vote,original_test,dspy,29,temperature_bias,0.8555133079847909,1.0,263,0.844106463878327,0.8215739806516708,0.7533442634992634,0.2198705196511655,0.4069215272200068,0.0598217918913929,0.03961360457776399
repeat_vote,original_test,dspy,43,raw,0.8479087452471483,1.0,263,0.8479087452471483,0.839345123264955,0.7570519311867417,0.22192826362484147,0.5175639680717963,0.0666413181242078,0.04589798614358542
repeat_vote,original_test,dspy,43,temperature,0.8479087452471483,1.0,263,0.8479087452471483,0.839345123264955,0.7570519311867417,0.2283150365338713,0.4253577708458041,0.07434444849340265,0.04543467665224557
repeat_vote,original_test,dspy,43,temperature_bias,0.8479087452471483,1.0,263,0.8479087452471483,0.8311214140828745,0.7598429275475946,0.21941495373056757,0.40639431734267123,0.05201672785774212,0.0398411588461827
repeat_vote,original_test,dspy,71,raw,0.8555133079847909,1.0,263,0.8517110266159695,0.8422825324573081,0.7630278020610523,0.22168212927756645,0.5169410337860788,0.0665399239543726,0.04563677939130602
repeat_vote,original_test,dspy,71,temperature,0.8555133079847909,1.0,263,0.8517110266159695,0.8422825324573081,0.7630278020610523,0.2279935358479181,0.4244792803994605,0.07718916780556041,0.04504480518720133
repeat_vote,original_test,dspy,71,temperature_bias,0.8555133079847909,1.0,263,0.8517110266159695,0.837128417021426,0.7661992559137272,0.21794900396194936,0.4048406940474901,0.046844619364102995,0.03912134654734904
repeat_vote,original_test,dspy,101,raw,0.8555133079847909,1.0,263,0.8517110266159695,0.8422825324573081,0.7630278020610523,0.22157370076003802,0.518032395569029,0.06297614932595924,0.04618726948495974
repeat_vote,original_test,dspy,101,temperature,0.8555133079847909,1.0,263,0.8517110266159695,0.8422825324573081,0.7630278020610523,0.23000451314053028,0.42814699970325437,0.08566199252071097,0.045854668533396745
repeat_vote,original_test,dspy,101,temperature_bias,0.8555133079847909,1.0,263,0.844106463878327,0.8249299719887956,0.7529635980924424,0.21964965143354678,0.40729496268292437,0.05877461282113974,0.039621944170991484
blind_vote,full_transfer,baseline,0,raw,0.8660714285714286,1.0,336,0.875,0.8625084685143216,0.8004583314371314,0.20866229041929088,0.6603165225028113,0.05559463684463686,0.0437788241678695
blind_vote,full_transfer,baseline,0,temperature,0.8660714285714286,1.0,336,0.875,0.8625084685143216,0.8004583314371314,0.2111723720334814,0.5133352289840921,0.04796064290305245,0.043794316464040695
blind_vote,full_transfer,baseline,0,temperature_bias,0.8660714285714286,1.0,336,0.8571428571428571,0.8464963573164286,0.7744256050997944,0.20008408121530524,0.4846073175913844,0.027908595578350553,0.03680612101245145
blind_vote,full_transfer,dspy,17,raw,0.875,1.0,336,0.875,0.8611305633364457,0.8009375164046668,0.20802669578312108,0.6589222200452122,0.06003727753727753,0.04369249088796818
blind_vote,full_transfer,dspy,17,temperature,0.875,1.0,336,0.875,0.8611305633364457,0.8009375164046668,0.2106310770377479,0.5127129203401154,0.043902722980321864,0.0437437941193897
blind_vote,full_transfer,dspy,17,temperature_bias,0.875,1.0,336,0.8571428571428571,0.8464963573164286,0.7744256050997944,0.19972621288334813,0.48419049773139494,0.025502585460013678,0.036927515812989906
blind_vote,full_transfer,dspy,29,raw,0.8720238095238095,1.0,336,0.8779761904761905,0.8648492783440881,0.8052573419171499,0.2085407295727301,0.6600431211120428,0.0587394781144781,0.0439114463688132
blind_vote,full_transfer,dspy,29,temperature,0.8720238095238095,1.0,336,0.8779761904761905,0.8648492783440881,0.8052573419171499,0.21141700078172512,0.5120524619098237,0.04552011465971134,0.0439621577080788
blind_vote,full_transfer,dspy,29,temperature_bias,0.8720238095238095,1.0,336,0.8601190476190477,0.8487940053900194,0.779621828075,0.2007084755246526,0.4820286389295788,0.023967715076865,0.0368446649886715
blind_vote,full_transfer,dspy,43,raw,0.8690476190476191,1.0,336,0.875,0.8625084685143216,0.8004583314371314,0.20817426131876177,0.6598208222496091,0.055485509860509895,0.04382027203549888
blind_vote,full_transfer,dspy,43,temperature,0.8690476190476191,1.0,336,0.875,0.8625084685143216,0.8004583314371314,0.2108867769345987,0.5127561534661653,0.04631289676475814,0.0437032487300433
blind_vote,full_transfer,dspy,43,temperature_bias,0.8690476190476191,1.0,336,0.8571428571428571,0.8464963573164286,0.7744256050997944,0.19990601861022522,0.48457003441738433,0.02669056326320105,0.03714415838247567
blind_vote,full_transfer,dspy,71,raw,0.8720238095238095,1.0,336,0.8779761904761905,0.8648492783440881,0.8052573419171499,0.20828133803833845,0.659678691850824,0.053322811447811466,0.04381704539858658
blind_vote,full_transfer,dspy,71,temperature,0.8720238095238095,1.0,336,0.8779761904761905,0.8648492783440881,0.8052573419171499,0.21096373421196948,0.5128517913812211,0.04852694000156787,0.04375754847401643
blind_vote,full_transfer,dspy,71,temperature_bias,0.8720238095238095,1.0,336,0.8601190476190477,0.8487940053900194,0.779621828075,0.2001378591660171,0.4834641379675159,0.028255259836090115,0.036768247822851555
blind_vote,full_transfer,dspy,101,raw,0.875,1.0,336,0.8779761904761905,0.8648492783440881,0.8052573419171499,0.20794885186777717,0.6600566336656626,0.058380531505531505,0.04387679459947124
blind_vote,full_transfer,dspy,101,temperature,0.875,1.0,336,0.8779761904761905,0.8648492783440881,0.8052573419171499,0.2108465968922363,0.5130676091808147,0.047765121765888464,0.04373372626135687
blind_vote,full_transfer,dspy,101,temperature_bias,0.875,1.0,336,0.8571428571428571,0.8464963573164286,0.7744256050997944,0.1996538553472512,0.4841842317513856,0.02863233457138415,0.03690072918930639
blind_vote,original_development,baseline,0,raw,0.8904109589041096,1.0,73,0.9315068493150684,0.9154106280193236,0.8902992294985288,0.1619409436834094,1.167712973659574,0.06159817351598171,0.028056290455904777
blind_vote,original_development,baseline,0,temperature,0.8904109589041096,1.0,73,0.9315068493150684,0.9154106280193236,0.8902992294985288,0.18781667740843966,0.8098867842353149,0.11206678321901116,0.02860423566138422
blind_vote,original_development,baseline,0,temperature_bias,0.8904109589041096,1.0,73,0.8904109589041096,0.8731546231546231,0.8207536348835113,0.17599135720795914,0.7536566640726159,0.0881397393041774,0.020413080713809668
blind_vote,original_development,dspy,17,raw,0.8904109589041096,1.0,73,0.9041095890410958,0.8875997887739571,0.8467348763947583,0.16234794520547946,1.1679520054714783,0.035844748858447455,0.028478180957719368
blind_vote,original_development,dspy,17,temperature,0.8904109589041096,1.0,73,0.9041095890410958,0.8875997887739571,0.8467348763947583,0.1879685208765721,0.8097836177888953,0.09564395483555996,0.02900505134760346
blind_vote,original_development,dspy,17,temperature_bias,0.8904109589041096,1.0,73,0.8904109589041096,0.8731546231546231,0.8207536348835113,0.1756616903301518,0.7518614839082429,0.07102322672275108,0.021198689605019402
blind_vote,original_development,dspy,29,raw,0.8904109589041096,1.0,73,0.9178082191780822,0.90449011567024,0.8669576714453961,0.16264718417047183,1.1686635281593922,0.048721461187214564,0.028982146880916763
blind_vote,original_development,dspy,29,temperature,0.8904109589041096,1.0,73,0.9178082191780822,0.90449011567024,0.8669576714453961,0.18925362781853963,0.8073616362886205,0.10104836722153568,0.02955292313662452
blind_vote,original_development,dspy,29,temperature_bias,0.8904109589041096,1.0,73,0.8904109589041096,0.8731546231546231,0.8207536348835113,0.17806465517406744,0.7461576189523925,0.06020829606152966,0.0206772111635698
blind_vote,original_development,dspy,43,raw,0.8904109589041096,1.0,73,0.9178082191780822,0.90449011567024,0.8669576714453961,0.16133668188736683,1.1669232003055607,0.04744292237442919,0.028434201675437313
blind_vote,original_development,dspy,43,temperature,0.8904109589041096,1.0,73,0.9178082191780822,0.90449011567024,0.8669576714453961,0.18737769363460652,0.8085226698480883,0.09797889356593326,0.028434201675437313
blind_vote,original_development,dspy,43,temperature_bias,0.8904109589041096,1.0,73,0.8904109589041096,0.8731546231546231,0.8207536348835113,0.1749586158094916,0.7518647442373556,0.07975416095050497,0.02077357098057247
blind_vote,original_development,dspy,71,raw,0.8904109589041096,1.0,73,0.9178082191780822,0.90449011567024,0.8669576714453961,0.16136894977168947,1.1674271670538878,0.046849315068493165,0.028165796005119002
blind_vote,original_development,dspy,71,temperature,0.8904109589041096,1.0,73,0.9178082191780822,0.90449011567024,0.8669576714453961,0.18757744585951827,0.8097034607640241,0.09807063689072879,0.028692666395003088
blind_vote,original_development,dspy,71,temperature_bias,0.8904109589041096,1.0,73,0.8904109589041096,0.8731546231546231,0.8207536348835113,0.17652960327211986,0.7511817088317928,0.05806370686495482,0.02077357098057247
blind_vote,original_development,dspy,101,raw,0.8904109589041096,1.0,73,0.9178082191780822,0.90449011567024,0.8669576714453961,0.16117138508371384,1.1668640120259168,0.04748858447488587,0.028213256028066565
blind_vote,original_development,dspy,101,temperature,0.8904109589041096,1.0,73,0.9178082191780822,0.90449011567024,0.8669576714453961,0.18737361238577077,0.8088955020079286,0.09835396676586872,0.028982146880916763
blind_vote,original_development,dspy,101,temperature_bias,0.8904109589041096,1.0,73,0.8904109589041096,0.8731546231546231,0.8207536348835113,0.17503878806361994,0.7515823596555551,0.07119587978403753,0.02060601916644328
blind_vote,original_test,baseline,0,raw,0.8593155893536122,1.0,263,0.8593155893536122,0.846164481397561,0.7756443545687903,0.22163057297335687,0.5194802451855345,0.06267350309175401,0.04775870288472421
blind_vote,original_test,baseline,0,temperature,0.8593155893536122,1.0,263,0.8593155893536122,0.846164481397561,0.7756443545687903,0.2176551313780748,0.4310224398839431,0.03678401893334194,0.04738132285607466
blind_vote,original_test,baseline,0,temperature_bias,0.8593155893536122,1.0,263,0.8479087452471483,0.8369978857335756,0.7608388942837405,0.20677141525536702,0.4099282214197889,0.03296311437938395,0.040239160453543976
blind_vote,original_test,dspy,17,raw,0.870722433460076,1.0,263,0.8669201520912547,0.852254793213183,0.787812594913065,0.22070558852900632,0.5176325837862099,0.06675231401467144,0.04761810062523325
blind_vote,original_test,dspy,17,temperature,0.870722433460076,1.0,263,0.8669201520912547,0.852254793213183,0.787812594913065,0.21692144433723773,0.4302560347364609,0.03495625443749038,0.047328849650264126
blind_vote,original_test,dspy,17,temperature_bias,0.870722433460076,1.0,263,0.8479087452471483,0.8369978857335756,0.7608388942837405,0.20640571914336064,0.4098939882602539,0.030008449923608807,0.040532712181732426
blind_vote,original_test,dspy,29,raw,0.8669201520912547,1.0,263,0.8669201520912547,0.852254793213183,0.787812594913065,0.22127924217487777,0.5188671145931963,0.06382686177362984,0.047665911966973916
blind_vote,original_test,dspy,29,temperature,0.8669201520912547,1.0,263,0.8669201520912547,0.852254793213183,0.787812594913065,0.21756881152816052,0.4300845161697028,0.03526585578642201,0.04752070950190672
blind_vote,original_test,dspy,29,temperature_bias,0.8669201520912547,1.0,263,0.8517110266159695,0.8398925876749739,0.7675298822355369,0.20699364239002413,0.4087152718510037,0.025954667673869784,0.040223896188109405
blind_vote,original_test,dspy,43,raw,0.8631178707224335,1.0,263,0.8631178707224335,0.8493190159856826,0.7816851329353285,0.22117480617994745,0.5190661697854096,0.06027806582939657,0.04775089138797834
blind_vote,original_test,dspy,43,temperature,0.8631178707224335,1.0,263,0.8631178707224335,0.8493190159856826,0.7816851329353285,0.21741211184296125,0.43066126488867545,0.034371319534482116,0.047462541199229595
blind_vote,original_test,dspy,43,temperature_bias,0.8631178707224335,1.0,263,0.8479087452471483,0.8369978857335756,0.7608388942837405,0.20683058288571368,0.41037796667267684,0.030276781827506653,0.040758833758023104
blind_vote,original_test,dspy,71,raw,0.8669201520912547,1.0,263,0.8669201520912547,0.852254793213183,0.787812594913065,0.22130264732908134,0.5187447044370451,0.06018934593079077,0.04770007706374448
blind_vote,original_test,dspy,71,temperature,0.8669201520912547,1.0,263,0.8669201520912547,0.852254793213183,0.787812594913065,0.21745498535162341,0.430455700639988,0.03975954714848248,0.04732879053421679
blind_vote,original_test,dspy,71,temperature_bias,0.8669201520912547,1.0,263,0.8517110266159695,0.8398925876749739,0.7675298822355369,0.2066907210681255,0.40915469814587324,0.03324215497962174,0.04021433502435404
blind_vote,original_test,dspy,101,raw,0.870722433460076,1.0,263,0.8669201520912547,0.852254793213183,0.787812594913065,0.22093271146943722,0.5193838632462758,0.06140377155586277,0.04791418306468508
blind_vote,original_test,dspy,101,temperature,0.870722433460076,1.0,263,0.8669201520912547,0.852254793213183,0.787812594913065,0.21736191198338445,0.4309556845557979,0.03607570885892897,0.047476842290576034
blind_vote,original_test,dspy,101,temperature_bias,0.870722433460076,1.0,263,0.8479087452471483,0.8369978857335756,0.7608388942837405,0.20648617440316422,0.40996345860688177,0.03643199106693338,0.04053562927202112
targeted,full_transfer,baseline,0,raw,0.8630952380952381,1.0,336,0.8630952380952381,0.8532873610885808,0.783783947027312,0.2187750000000001,0.8593175975333602,0.05571428571428572,0.04854622684337608
targeted,full_transfer,baseline,0,temperature,0.8630952380952381,1.0,336,0.8630952380952381,0.8532873610885808,0.783783947027312,0.24123699384082403,0.5397756966035618,0.1062830892120516,0.04846323302790367
targeted,full_transfer,baseline,0,temperature_bias,0.8630952380952381,1.0,336,0.8363095238095238,0.8221444797359956,0.746740622603675,0.23269401015005592,0.4833985854382866,0.06006528613815187,0.04268580698212337
targeted,full_transfer,dspy,17,raw,0.8630952380952381,1.0,336,0.8630952380952381,0.8546498286437306,0.7832775604074809,0.2171440476190476,0.8589057514688444,0.05982142857142858,0.048142534959510784
targeted,full_transfer,dspy,17,temperature,0.8630952380952381,1.0,336,0.8630952380952381,0.8546498286437306,0.7832775604074809,0.27267502383177666,0.523508265066017,0.15144996821095483,0.04800259386120605
targeted,full_transfer,dspy,17,temperature_bias,0.8630952380952381,1.0,336,0.7827380952380952,0.7563227047271992,0.6709649622857771,0.2607288158338273,0.4774269677492121,0.12465623793244572,0.04969417583835852
targeted,full_transfer,dspy,29,raw,0.8630952380952381,1.0,336,0.8630952380952381,0.8532873610885808,0.783783947027312,0.21780772582729652,0.9482165185527004,0.05739778739778735,0.048516399421483815
targeted,full_transfer,dspy,29,temperature,0.8630952380952381,1.0,336,0.8630952380952381,0.8532873610885808,0.783783947027312,0.2809407771920048,0.5472316937777392,0.1574590940398938,0.05082463324638642
targeted,full_transfer,dspy,29,temperature_bias,0.8630952380952381,1.0,336,0.7767857142857143,0.7499651941097724,0.6604821758027437,0.2674692660581331,0.4954652721696564,0.1170976599843198,0.05104380773555344
targeted,full_transfer,dspy,43,raw,0.8660714285714286,1.0,336,0.8660714285714286,0.8556594422523398,0.7885289432106136,0.21616369047619052,0.9428555301847669,0.04803571428571427,0.04720236964262153
targeted,full_transfer,dspy,43,temperature,0.8660714285714286,1.0,336,0.8660714285714286,0.8556594422523398,0.7885289432106136,0.23915943908626755,0.5682309681390139,0.10437201157059417,0.04741447632018675
targeted,full_transfer,dspy,43,temperature_bias,0.8660714285714286,1.0,336,0.8452380952380952,0.8327094354501655,0.7614724147999143,0.23160856737991078,0.5105940684541928,0.05756933144047416,0.04197280430852621
targeted,full_transfer,dspy,71,raw,0.8630952380952381,1.0,336,0.8630952380952381,0.8532873610885808,0.783783947027312,0.21777803910922597,0.947128919762199,0.06471921596921593,0.0484623076743188
targeted,full_transfer,dspy,71,temperature,0.8630952380952381,1.0,336,0.8630952380952381,0.8532873610885808,0.783783947027312,0.2422764259413342,0.5650979828410516,0.10244697297063388,0.04902433795602859
targeted,full_transfer,dspy,71,temperature_bias,0.8630952380952381,1.0,336,0.8273809523809523,0.8110615510283633,0.7343219732417107,0.23781064425398984,0.5076150572316758,0.05857698720670562,0.04328327720235172
targeted,full_transfer,dspy,101,raw,0.8601190476190477,1.0,336,0.8601190476190477,0.8488527271944553,0.7785229624580126,0.21726369047619046,0.9510275919604192,0.06095238095238092,0.049156408925266196
targeted,full_transfer,dspy,101,temperature,0.8601190476190477,1.0,336,0.8601190476190477,0.8488527271944553,0.7785229624580126,0.2972618738268779,0.5403685333600846,0.16643911405994818,0.050919429440392454
targeted,full_transfer,dspy,101,temperature_bias,0.8601190476190477,1.0,336,0.7797619047619048,0.7540875710191138,0.6647865832939215,0.27380086640843887,0.4902127621818466,0.10602482426940812,0.05309927120094021
targeted,original_development,baseline,0,raw,0.9041095890410958,1.0,73,0.9041095890410958,0.8875997887739571,0.8467348763947583,0.17005479452054795,1.587018001940206,0.028082191780821955,0.0345361295314796
targeted,original_development,baseline,0,temperature,0.9041095890410958,1.0,73,0.9041095890410958,0.8875997887739571,0.8467348763947583,0.24239342282208604,0.792184443099248,0.16831421256475856,0.038478734532804065
targeted,original_development,baseline,0,temperature_bias,0.9041095890410958,1.0,73,0.8356164383561644,0.8261904761904763,0.7322818714482933,0.24723854163235032,0.6706897577949334,0.1295815147670213,0.04427639678232152
targeted,original_development,dspy,17,raw,0.9041095890410958,1.0,73,0.9041095890410958,0.8875997887739571,0.8467348763947583,0.17142191780821917,1.5900596336987685,0.04876712328767124,0.03531177708696082
targeted,original_development,dspy,17,temperature,0.9041095890410958,1.0,73,0.9041095890410958,0.8875997887739571,0.8467348763947583,0.29262490149618364,0.693625993820709,0.21850281833776206,0.04156750332531539
targeted,original_development,dspy,17,temperature_bias,0.9041095890410958,1.0,73,0.7808219178082192,0.7526406288381233,0.6436319461796068,0.2876932677925814,0.6005176178983641,0.19118756182776508,0.053309991424983084
targeted,original_development,dspy,29,raw,0.9041095890410958,1.0,73,0.9041095890410958,0.8875997887739571,0.8467348763947583,0.1706154230837502,1.59013238612277,0.04300539643005396,0.03265185270972841
targeted,original_development,dspy,29,temperature,0.9041095890410958,1.0,73,0.9041095890410958,0.8875997887739571,0.8467348763947583,0.2925369148010451,0.6780962821509411,0.2246129433279255,0.03989237181128815
targeted,original_development,dspy,29,temperature_bias,0.9041095890410958,1.0,73,0.7808219178082192,0.7526406288381233,0.6436319461796068,0.2868383867664221,0.5881308769048277,0.1514978252459926,0.05288432738348518
targeted,original_development,dspy,43,raw,0.9041095890410958,1.0,73,0.9041095890410958,0.8875997887739571,0.8467348763947583,0.1697589041095891,1.5895733366495293,0.030410958904109615,0.03451581571677879
targeted,original_development,dspy,43,temperature,0.9041095890410958,1.0,73,0.9041095890410958,0.8875997887739571,0.8467348763947583,0.2398363426614558,0.7984016726285301,0.16719259724381366,0.03854350307563351
targeted,original_development,dspy,43,temperature_bias,0.9041095890410958,1.0,73,0.821917808219178,0.8072878274116664,0.7163177694840758,0.24575581216916612,0.6912697554460259,0.12040247447749407,0.042041765932337244
targeted,original_development,dspy,71,raw,0.9041095890410958,1.0,73,0.9041095890410958,0.8875997887739571,0.8467348763947583,0.1696164383561644,1.5879946427788993,0.036027397260273986,0.03314946547571764
targeted,original_development,dspy,71,temperature,0.9041095890410958,1.0,73,0.9041095890410958,0.8875997887739571,0.8467348763947583,0.24288391657934857,0.7861923147976675,0.16691313288087914,0.03846093484018297
targeted,original_development,dspy,71,temperature_bias,0.9041095890410958,1.0,73,0.821917808219178,0.8072878274116664,0.7163177694840758,0.24817328870267186,0.6655512391559778,0.14468339071115088,0.04372535329557634
targeted,original_development,dspy,101,raw,0.9041095890410958,1.0,73,0.9041095890410958,0.8875997887739571,0.8467348763947583,0.16950958904109598,1.5911981789177587,0.021369863013698604,0.034278973741967596
targeted,original_development,dspy,101,temperature,0.9041095890410958,1.0,73,0.9041095890410958,0.8875997887739571,0.8467348763947583,0.3197360228411218,0.6518780868697927,0.23483292374299103,0.04312647205972994
targeted,original_development,dspy,101,temperature_bias,0.9041095890410958,1.0,73,0.7671232876712328,0.742483660130719,0.6244573445698632,0.3043530445555903,0.5808370015571127,0.1486861307568169,0.06100753023501824
targeted,original_test,baseline,0,raw,0.8517110266159695,1.0,263,0.8517110266159695,0.8425298054336746,0.7658719184120324,0.2322980988593156,0.6573323141808907,0.06931558935361214,0.05230317684968521
targeted,original_test,baseline,0,temperature,0.8517110266159695,1.0,263,0.8517110266159695,0.8425298054336746,0.7658719184120324,0.24091600784982767,0.4697154741922126,0.0890653249354447,0.052116690457274885
targeted,original_test,baseline,0,temperature_bias,0.8517110266159695,1.0,263,0.8365019011406845,0.8196580395098775,0.7494542955274638,0.22865693487170047,0.4314128227689514,0.05150868891151278,0.041892901170731786
targeted,original_test,dspy,17,raw,0.8517110266159695,1.0,263,0.8517110266159695,0.8441960525417169,0.7652569130541774,0.22983498098859312,0.6559618982263192,0.07695817490494297,0.051372363163515185
targeted,original_test,dspy,17,temperature,0.8517110266159695,1.0,263,0.8517110266159695,0.8441960525417169,0.7652569130541774,0.2671376053165615,0.47628927571585616,0.13458843379644927,0.05077316669409495
targeted,original_test,dspy,17,temperature_bias,0.8517110266159695,1.0,263,0.7832699619771863,0.755685083062259,0.678133654317836,0.2532443862026907,0.4432611218903223,0.106189368562262,0.04808378689883985
targeted,original_test,dspy,29,raw,0.8517110266159695,1.0,263,0.8517110266159695,0.8425298054336746,0.7658719184120324,0.23090673001086645,0.7700421522689939,0.0804040404040404,0.05243347380568773
targeted,original_test,dspy,29,temperature,0.8517110266159695,1.0,263,0.8517110266159695,0.8425298054336746,0.7658719184120324,0.27772207739938076,0.5109080627844168,0.14110297654022608,0.05460927946604198
targeted,original_test,dspy,29,temperature_bias,0.8517110266159695,1.0,263,0.7756653992395437,0.7474281396933331,0.6643542684345799,0.26209304624176394,0.4697444008933547,0.10754932513982507,0.04995397937921876
targeted,original_test,dspy,43,raw,0.8555133079847909,1.0,263,0.8555133079847909,0.8455114324541032,0.771894186924373,0.22904410646387827,0.7633483063371345,0.06745247148288969,0.05072358922750476
targeted,original_test,dspy,43,temperature,0.8555133079847909,1.0,263,0.8555133079847909,0.8455114324541032,0.771894186924373,0.23897155330304004,0.5043432821020009,0.08693511896928233,0.0507554775452093
targeted,original_test,dspy,43,temperature_bias,0.8555133079847909,1.0,263,0.8517110266159695,0.8378798121488673,0.7726149721431967,0.2276817655943004,0.4604445431674864,0.04537376213152293,0.04040903364919155
targeted,original_test,dspy,71,raw,0.8517110266159695,1.0,263,0.8517110266159695,0.8425298054336746,0.7658719184120324,0.2311460879874521,0.7692460384685916,0.07929907439413146,0.05228204736269053
targeted,original_test,dspy,71,temperature,0.8517110266159695,1.0,263,0.8517110266159695,0.8425298054336746,0.7658719184120324,0.24210780686690453,0.5037295941230562,0.08455332402216272,0.052969879762800036
targeted,original_test,dspy,71,temperature_bias,0.8517110266159695,1.0,263,0.8288973384030418,0.8104079663278924,0.7379304261240174,0.2349343208899069,0.463777257686146,0.045469323894954776,0.04250454815669213
targeted,original_test,dspy,101,raw,0.8479087452471483,1.0,263,0.8479087452471483,0.8368700452157096,0.7591984371922493,0.23051863117870725,0.7733376571775852,0.07847908745247151,0.05274223003570466
targeted,original_test,dspy,101,temperature,0.8479087452471483,1.0,263,0.8479087452471483,0.8368700452157096,0.7591984371922493,0.29102380204725886,0.5094172124239291,0.1474552809540086,0.05406843201273784
targeted,original_test,dspy,101,temperature_bias,0.8479087452471483,1.0,263,0.7832699619771863,0.7560630309231365,0.6749932515783118,0.26532060403299335,0.46505850562521384,0.09418347303906273,0.05076809353822091
structured,full_transfer,baseline,0,raw,0.8690476190476191,1.0,336,0.8690476190476191,0.8565322334333741,0.7918543987857033,0.2091684523809524,0.8346005087048686,0.05535714285714287,0.04370606509234286
structured,full_transfer,baseline,0,temperature,0.8690476190476191,1.0,336,0.8690476190476191,0.8565322334333741,0.7918543987857033,0.23166748661620723,0.5359838624280515,0.10437478222549627,0.04464134812623578
structured,full_transfer,baseline,0,temperature_bias,0.8690476190476191,1.0,336,0.8511904761904762,0.8366983786475221,0.7684324115281674,0.22122122694917642,0.4920839667261355,0.06593334819940619,0.041663870609212714
structured,full_transfer,dspy,17,raw,0.8690476190476191,1.0,336,0.8690476190476191,0.8565322334333741,0.7918543987857033,0.2100593032295053,0.8362352322731352,0.057587481962481965,0.04372038126592313
structured,full_transfer,dspy,17,temperature,0.8690476190476191,1.0,336,0.8690476190476191,0.8565322334333741,0.7918543987857033,0.26663749504491774,0.5164182213958562,0.157590837401442,0.04564996624491908
structured,full_transfer,dspy,17,temperature_bias,0.8690476190476191,1.0,336,0.8035714285714286,0.7840915905683522,0.7003630752958891,0.2511164023669523,0.4680914105395394,0.11600918409800706,0.047588118855203136
structured,full_transfer,dspy,29,raw,0.8690476190476191,1.0,336,0.8690476190476191,0.8565322334333741,0.7918543987857033,0.20861607142857141,0.8337474050116604,0.052083333333333356,0.043283888492652675
structured,full_transfer,dspy,29,temperature,0.8690476190476191,1.0,336,0.8690476190476191,0.8565322334333741,0.7918543987857033,0.2311072069142368,0.535641596105272,0.10323213006950059,0.04426428166923786
structured,full_transfer,dspy,29,temperature_bias,0.8690476190476191,1.0,336,0.8541666666666666,0.8414358665742158,0.7733513344488362,0.21897062152533284,0.4921941544672292,0.06321044573701727,0.04092969939612874
structured,full_transfer,dspy,43,raw,0.8690476190476191,1.0,336,0.8690476190476191,0.8565322334333741,0.7918543987857033,0.20933840315128188,0.834776448725763,0.06099176286676291,0.04374300559923098
structured,full_transfer,dspy,43,temperature,0.8690476190476191,1.0,336,0.8690476190476191,0.8565322334333741,0.7918543987857033,0.23152109837988805,0.5350274023636297,0.1046967265208812,0.04526774428534476
structured,full_transfer,dspy,43,temperature_bias,0.8690476190476191,1.0,336,0.8452380952380952,0.8270322270322271,0.756357311745264,0.21808709579711216,0.4892436258747278,0.06549848919870029,0.04183428970903457
structured,full_transfer,dspy,71,raw,0.8660714285714286,1.0,336,0.8660714285714286,0.8541252291252291,0.7869399382629463,0.21009583333333332,0.8348195764002915,0.06220238095238096,0.04325505179181862
structured,full_transfer,dspy,71,temperature,0.8660714285714286,1.0,336,0.8660714285714286,0.8541252291252291,0.7869399382629463,0.23076029780202215,0.5339352644525573,0.09734228060648505,0.0445872710779798
structured,full_transfer,dspy,71,temperature_bias,0.8660714285714286,1.0,336,0.8511904761904762,0.8366983786475221,0.7684324115281674,0.2190025142438262,0.4882999127699618,0.05786665944981116,0.041319736125846704
structured,full_transfer,dspy,101,raw,0.8690476190476191,1.0,336,0.8690476190476191,0.8565322334333741,0.7918543987857033,0.20895595238095238,0.834070448342143,0.056130952380952406,0.04352610984544468
structured,full_transfer,dspy,101,temperature,0.8690476190476191,1.0,336,0.8690476190476191,0.8565322334333741,0.7918543987857033,0.23269413986934978,0.5345176245219492,0.10416277553440285,0.04444012484483892
structured,full_transfer,dspy,101,temperature_bias,0.8690476190476191,1.0,336,0.8363095238095238,0.8195728189230627,0.7447199842261315,0.2239564598762147,0.49032517236306766,0.08044604673526927,0.042613899679631195
structured,original_development,baseline,0,raw,0.9315068493150684,1.0,73,0.9315068493150684,0.9154106280193236,0.8902992294985288,0.14844931506849315,1.5560530579547818,0.04630136986301368,0.03138058239306325
structured,original_development,baseline,0,temperature,0.9315068493150684,1.0,73,0.9315068493150684,0.9154106280193236,0.8902992294985288,0.2189783469753421,0.7992615593243441,0.17852642166700505,0.034796114322005536
structured,original_development,baseline,0,temperature_bias,0.9315068493150684,1.0,73,0.8767123287671232,0.861439794773128,0.8015718822981237,0.22187900351730183,0.7201371948422327,0.10773747788164201,0.0368005169944651
structured,original_development,dspy,17,raw,0.9315068493150684,1.0,73,0.9315068493150684,0.9154106280193236,0.8902992294985288,0.1459003545905995,1.552768312232774,0.06684101286841014,0.03065854060715591
structured,original_development,dspy,17,temperature,0.9315068493150684,1.0,73,0.9315068493150684,0.9154106280193236,0.8902992294985288,0.268871984589786,0.679852281319771,0.22701718538192114,0.03643230680923898
structured,original_development,dspy,17,temperature_bias,0.9315068493150684,1.0,73,0.821917808219178,0.8068932839905562,0.7199376269814673,0.2661640949504319,0.5980321291897351,0.1885355436596616,0.04453022346126845
structured,original_development,dspy,29,raw,0.9315068493150684,1.0,73,0.9315068493150684,0.9154106280193236,0.8902992294985288,0.14936986301369862,1.5586321413263444,0.05931506849315067,0.032200212496165934
structured,original_development,dspy,29,temperature,0.9315068493150684,1.0,73,0.9315068493150684,0.9154106280193236,0.8902992294985288,0.2192364710788867,0.8030547044711136,0.17909522722857085,0.034831431402101216
structured,original_development,dspy,29,temperature_bias,0.9315068493150684,1.0,73,0.8904109589041096,0.8839251533263018,0.8252495634046124,0.2199551124745704,0.7283661996570835,0.10847698421541689,0.036917349521950894
structured,original_development,dspy,43,raw,0.9315068493150684,1.0,73,0.9315068493150684,0.9154106280193236,0.8902992294985288,0.14754114327165382,1.556042025112351,0.05661962086619616,0.03060619589409132
structured,original_development,dspy,43,temperature,0.9315068493150684,1.0,73,0.9315068493150684,0.9154106280193236,0.8902992294985288,0.21762595132697557,0.7985902888862854,0.1754243982225598,0.03346662057625762
structured,original_development,dspy,43,temperature_bias,0.9315068493150684,1.0,73,0.8767123287671232,0.861439794773128,0.8015718822981237,0.21144473940982272,0.7145758372587132,0.1149074607620832,0.03483658170717802
structured,original_development,dspy,71,raw,0.9315068493150684,1.0,73,0.9315068493150684,0.9154106280193236,0.8902992294985288,0.14631780821917809,1.5538386097554557,0.059178082191780806,0.030828877461763462
structured,original_development,dspy,71,temperature,0.9315068493150684,1.0,73,0.9315068493150684,0.9154106280193236,0.8902992294985288,0.21581801136899895,0.7982622619218471,0.17368905840437074,0.033468660107042046
structured,original_development,dspy,71,temperature_bias,0.9315068493150684,1.0,73,0.8767123287671232,0.861439794773128,0.8015718822981237,0.21574749835476656,0.7178255949576963,0.10813134902460753,0.03439705768722978
structured,original_development,dspy,101,raw,0.9315068493150684,1.0,73,0.9315068493150684,0.9154106280193236,0.8902992294985288,0.14826849315068494,1.555912280404452,0.05890410958904113,0.03138058239306325
structured,original_development,dspy,101,temperature,0.9315068493150684,1.0,73,0.9315068493150684,0.9154106280193236,0.8902992294985288,0.2208770811756528,0.7935313450343644,0.18046827492091871,0.03497367936725353
structured,original_development,dspy,101,temperature_bias,0.9315068493150684,1.0,73,0.863013698630137,0.851032059727712,0.7815361905425798,0.22444943366804984,0.7087664467996279,0.11082051214294751,0.03675732974466704
structured,original_test,baseline,0,raw,0.8517110266159695,1.0,263,0.8517110266159695,0.8391259825281252,0.7645839425596747,0.2260220532319391,0.6343494208902528,0.061444866920152136,0.04734943321065761
structured,original_test,baseline,0,temperature,0.8517110266159695,1.0,263,0.8517110266159695,0.8391259825281252,0.7645839425596747,0.2351895672009341,0.46290678306139926,0.08379276823602806,0.04789354497230553
structured,original_test,baseline,0,temperature_bias,0.8517110266159695,1.0,263,0.844106463878327,0.827531012404962,0.7583556238051256,0.22103865018311858,0.4287840212794623,0.060645166066742605,0.04253327393543335
structured,original_test,dspy,17,raw,0.8517110266159695,1.0,263,0.8517110266159695,0.8391259825281252,0.7645839425596747,0.2278676806083649,0.6373496245276837,0.06277566539923951,0.04770753473532138
structured,original_test,dspy,17,temperature,0.8517110266159695,1.0,263,0.8517110266159695,0.8391259825281252,0.7645839425596747,0.26601727551345244,0.47105439487705253,0.13832040621294395,0.048903014638429575
structured,original_test,dspy,17,temperature_bias,0.8517110266159695,1.0,263,0.7984790874524715,0.7753220617584679,0.6936296947935926,0.24693966640271678,0.43202421486857195,0.0970883145791155,0.04804934155673656
structured,original_test,dspy,29,raw,0.8517110266159695,1.0,263,0.8517110266159695,0.8391259825281252,0.7645839425596747,0.22506083650190103,0.6325436569091053,0.06277566539923957,0.046738301627627155
structured,original_test,dspy,29,temperature,0.8517110266159695,1.0,263,0.8517110266159695,0.8391259825281252,0.7645839425596747,0.2344021259864057,0.46141666488585587,0.08217507268314271,0.047431953967034576
structured,original_test,dspy,29,temperature_bias,0.8517110266159695,1.0,263,0.844106463878327,0.827531012404962,0.7583556238051256,0.21869735977896645,0.42664069705711827,0.05858133080809867,0.04165347375546826
structured,original_test,dspy,43,raw,0.8517110266159695,1.0,263,0.8517110266159695,0.8391259825281252,0.7645839425596747,0.2264912547528516,0.634577258321881,0.06813688212927757,0.04769382927096665
structured,original_test,dspy,43,temperature,0.8517110266159695,1.0,263,0.8517110266159695,0.8391259825281252,0.7645839425596747,0.23537792626909962,0.46187116389916677,0.0850650914097689,0.04880060268092603
structured,original_test,dspy,43,temperature_bias,0.8517110266159695,1.0,263,0.8365019011406845,0.8152922802320393,0.7428594804190716,0.21993079167647428,0.4266989436274627,0.051784211920651024,0.04371222700911039
structured,original_test,dspy,71,raw,0.8479087452471483,1.0,263,0.8479087452471483,0.835994976113945,0.758321658793498,0.22779847908745235,0.6352439511724329,0.06433460076045627,0.04718824457549075
structured,original_test,dspy,71,temperature,0.8479087452471483,1.0,263,0.8479087452471483,0.835994976113945,0.758321658793498,0.2349077765457887,0.4605669343565204,0.07615096965878287,0.048194505896255485
structured,original_test,dspy,71,temperature_bias,0.8479087452471483,1.0,263,0.844106463878327,0.827531012404962,0.7583556238051256,0.21990599774154937,0.42459126334142766,0.0444948074615419,0.04258690675309043
structured,original_test,dspy,101,raw,0.8517110266159695,1.0,263,0.8517110266159695,0.8391259825281252,0.7645839425596747,0.22580076045627373,0.6337113086442395,0.06060836501901139,0.0471882262150664
structured,original_test,dspy,101,temperature,0.8517110266159695,1.0,263,0.8517110266159695,0.8391259825281252,0.7645839425596747,0.2359741599630377,0.4626240823264869,0.08298292209251822,0.04765745799545007
structured,original_test,dspy,101,temperature_bias,0.8517110266159695,1.0,263,0.8288973384030418,0.8084991374238588,0.7334318316914554,0.22381962684654166,0.42969318364113246,0.07299902141660274,0.043681300577987754
contrastive,full_transfer,baseline,0,raw,0.8690476190476191,1.0,336,0.8690476190476191,0.8593583906095809,0.7906388256866369,0.21070238095238097,0.7501023497920758,0.05145833333333333,0.04251284136437224
contrastive,full_transfer,baseline,0,temperature,0.8690476190476191,1.0,336,0.8690476190476191,0.8593583906095809,0.7906388256866369,0.2838516687729036,0.4884921299111724,0.16149266066698734,0.04484189398986726
contrastive,full_transfer,baseline,0,temperature_bias,0.8690476190476191,1.0,336,0.7797619047619048,0.7648085796233944,0.6710037662416003,0.25946102695586715,0.4486522254203664,0.1123585593088403,0.049024520631632026
contrastive,full_transfer,dspy,17,raw,0.8660714285714286,1.0,336,0.8660714285714286,0.8576275328681664,0.7866600580865071,0.21086488095238107,0.8397373666210797,0.05297619047619047,0.04698986804772707
contrastive,full_transfer,dspy,17,temperature,0.8660714285714286,1.0,336,0.8660714285714286,0.8576275328681664,0.7866600580865071,0.28980240514219247,0.5049771298262877,0.16721688012360292,0.049949762561570514
contrastive,full_transfer,dspy,17,temperature_bias,0.8660714285714286,1.0,336,0.7738095238095238,0.7555274432505962,0.6621086623379039,0.26498681616090064,0.46720163303938106,0.11258980364734901,0.05734953071370398
contrastive,full_transfer,dspy,29,raw,0.8630952380952381,1.0,336,0.8630952380952381,0.853161652218256,0.7816544762448715,0.21118571428571437,0.7506021684097696,0.06717261904761904,0.042705435125790024
contrastive,full_transfer,dspy,29,temperature,0.8630952380952381,1.0,336,0.8630952380952381,0.853161652218256,0.7816544762448715,0.27045826900945946,0.48476303426806716,0.1444443113833272,0.04521561146117466
contrastive,full_transfer,dspy,29,temperature_bias,0.8630952380952381,1.0,336,0.8095238095238095,0.7916465309562826,0.7092117189151385,0.2537661334596844,0.44960279652852886,0.09129582411666012,0.04741149588055417
contrastive,full_transfer,dspy,43,raw,0.8630952380952381,1.0,336,0.8630952380952381,0.8546016247025578,0.7810734410280462,0.20967487179393748,0.7492994920464925,0.05833002645502644,0.04348028306529133
contrastive,full_transfer,dspy,43,temperature,0.8630952380952381,1.0,336,0.8630952380952381,0.8546016247025578,0.7810734410280462,0.2873294807689437,0.49333465267994536,0.15994866524466372,0.047282910669603044
contrastive,full_transfer,dspy,43,temperature_bias,0.8630952380952381,1.0,336,0.7738095238095238,0.755331088664422,0.660978096308428,0.26311782704835973,0.4529864711320312,0.11282544225674347,0.05167032366030942
contrastive,full_transfer,dspy,71,raw,0.8630952380952381,1.0,336,0.8630952380952381,0.8531131452479768,0.7814701667999472,0.2120190476190477,0.8391789297299314,0.06497023809523811,0.04740711653632996
contrastive,full_transfer,dspy,71,temperature,0.8630952380952381,1.0,336,0.8630952380952381,0.8531131452479768,0.7814701667999472,0.27273374362239927,0.49959493128527704,0.14872954504940328,0.05104371462653766
contrastive,full_transfer,dspy,71,temperature_bias,0.8630952380952381,1.0,336,0.8005952380952381,0.7770911939960001,0.6936399028677286,0.2555590713292065,0.46424845874856485,0.10317976276274511,0.055101646146458585
contrastive,full_transfer,dspy,101,raw,0.8690476190476191,1.0,336,0.8690476190476191,0.8600369972550425,0.7915033304361073,0.2098875000000001,0.7484552614109576,0.05175595238095238,0.041778487720369385
contrastive,full_transfer,dspy,101,temperature,0.8690476190476191,1.0,336,0.8690476190476191,0.8600369972550425,0.7915033304361073,0.26793490051074964,0.4813142894164953,0.1579531780028603,0.04389929115168693
contrastive,full_transfer,dspy,101,temperature_bias,0.8690476190476191,1.0,336,0.8065476190476191,0.7860729211701974,0.7017806832920852,0.24931380112621196,0.4438061938724691,0.10260330641342623,0.046179145434375436
contrastive,original_development,baseline,0,raw,0.9178082191780822,1.0,73,0.9178082191780822,0.9035168865735105,0.8686952897884321,0.1641972602739726,1.1645294919665754,0.047397260273972626,0.027702596417150054
contrastive,original_development,baseline,0,temperature,0.9178082191780822,1.0,73,0.9178082191780822,0.9035168865735105,0.8686952897884321,0.2958183105121991,0.5726168523036332,0.22302404986055752,0.037603558854037274
contrastive,original_development,baseline,0,temperature_bias,0.9178082191780822,1.0,73,0.7808219178082192,0.7767537122375833,0.6764688307822215,0.27889475038183287,0.5277426028950186,0.14650788638085854,0.03531701756957444
contrastive,original_development,dspy,17,raw,0.9041095890410958,1.0,73,0.9041095890410958,0.8926328502415459,0.8447867338729037,0.1673561643835616,1.1668065805168468,0.03547945205479447,0.026816494782706746
contrastive,original_development,dspy,17,temperature,0.9041095890410958,1.0,73,0.9041095890410958,0.8926328502415459,0.8447867338729037,0.29650460329236067,0.5723830045089813,0.21019800773791883,0.03780014688169013
contrastive,original_development,dspy,17,temperature_bias,0.9041095890410958,1.0,73,0.7808219178082192,0.7767537122375833,0.6764688307822215,0.28112549046769136,0.5305974728695102,0.13556345233293604,0.03686828105173546
contrastive,original_development,dspy,29,raw,0.9178082191780822,1.0,73,0.9178082191780822,0.9035168865735105,0.8686952897884321,0.16655068493150685,1.167181404132222,0.04794520547945202,0.02882801573368938
contrastive,original_development,dspy,29,temperature,0.9178082191780822,1.0,73,0.9178082191780822,0.9035168865735105,0.8686952897884321,0.27713366176378773,0.578896385852355,0.20203117009815083,0.03923867858111912
contrastive,original_development,dspy,29,temperature_bias,0.9178082191780822,1.0,73,0.7808219178082192,0.7616225304749894,0.6605351089841425,0.2723714436956286,0.5415747566984529,0.13863734339460676,0.03920448915464125
contrastive,original_development,dspy,43,raw,0.9041095890410958,1.0,73,0.9041095890410958,0.8926328502415459,0.8447867338729037,0.16657808219178083,1.1660991003035415,0.04945205479452057,0.027954756732965953
contrastive,original_development,dspy,43,temperature,0.9041095890410958,1.0,73,0.9041095890410958,0.8926328502415459,0.8447867338729037,0.2933238885987225,0.5664422757916399,0.2054267340190034,0.03879003383863072
contrastive,original_development,dspy,43,temperature_bias,0.9041095890410958,1.0,73,0.7671232876712328,0.7518518518518519,0.6482412060301508,0.2791192906454015,0.5252102487840066,0.15331816298224443,0.038530724136790005
contrastive,original_development,dspy,71,raw,0.9041095890410958,1.0,73,0.9041095890410958,0.8926328502415459,0.8447867338729037,0.16614794520547949,1.166150554069041,0.03958904109589039,0.02674833801871731
contrastive,original_development,dspy,71,temperature,0.9041095890410958,1.0,73,0.9041095890410958,0.8926328502415459,0.8447867338729037,0.27316685581358224,0.5751764702997532,0.18452132329794493,0.037093623947375996
contrastive,original_development,dspy,71,temperature_bias,0.9041095890410958,1.0,73,0.7945205479452054,0.7864468864468864,0.683256916557459,0.26475786648812577,0.5320186867996041,0.13614410470595018,0.03538467942465193
contrastive,original_development,dspy,101,raw,0.9178082191780822,1.0,73,0.9178082191780822,0.9035168865735105,0.8686952897884321,0.16315616438356165,1.1620216125199008,0.05273972602739728,0.026033800897441093
contrastive,original_development,dspy,101,temperature,0.9178082191780822,1.0,73,0.9178082191780822,0.9035168865735105,0.8686952897884321,0.27277770213818914,0.5739889477964883,0.19819633083792693,0.0355640181684487
contrastive,original_development,dspy,101,temperature_bias,0.9178082191780822,1.0,73,0.7945205479452054,0.7864468864468864,0.683256916557459,0.2650654922147456,0.5319331617853433,0.15285989969783947,0.03633182656813807
contrastive,original_test,baseline,0,raw,0.8555133079847909,1.0,263,0.8555133079847909,0.8452159764866426,0.7690379297036246,0.22361064638783265,0.6350712418881277,0.05912547528517113,0.04660201922728628
contrastive,original_test,baseline,0,temperature,0.8555133079847909,1.0,263,0.8555133079847909,0.8452159764866426,0.7690379297036246,0.28053012943081784,0.4651419217946355,0.14639613754027303,0.04709142206835582
contrastive,original_test,baseline,0,temperature_bias,0.8555133079847909,1.0,263,0.779467680608365,0.7595637200206076,0.6683817183354007,0.2540668755866826,0.42669938300344795,0.10531730876377345,0.051378535693694063
contrastive,original_test,dspy,17,raw,0.8555133079847909,1.0,263,0.8555133079847909,0.8462761061052722,0.7701240958368798,0.22294144486692025,0.7489538966043847,0.06019011406844112,0.05319779834422759
contrastive,original_test,dspy,17,temperature,0.8555133079847909,1.0,263,0.8555133079847909,0.8462761061052722,0.7701240958368798,0.28794209919176594,0.4862675144200659,0.1573923016351135,0.054368726262943784
contrastive,original_test,dspy,17,temperature_bias,0.8555133079847909,1.0,263,0.7718631178707225,0.7476293744950461,0.6568636344561488,0.26050726017460485,0.44960506913215953,0.10877725365033894,0.061965250700775784
contrastive,original_test,dspy,29,raw,0.8479087452471483,1.0,263,0.8479087452471483,0.8375451765360022,0.7575364888332842,0.22357490494296578,0.6349737113461235,0.07882129277566538,0.04665659876914712
contrastive,original_test,dspy,29,temperature,0.8479087452471483,1.0,263,0.8479087452471483,0.8375451765360022,0.7575364888332842,0.26860540334000704,0.4586347655773713,0.13254921517230753,0.04753099548071196
contrastive,original_test,dspy,29,temperature_bias,0.8479087452471483,1.0,263,0.8174904942965779,0.7979221781305115,0.7214623229282068,0.24860192187328167,0.4240744577741387,0.07903715873312889,0.04897165792223241
contrastive,original_test,dspy,43,raw,0.8517110266159695,1.0,263,0.8517110266159695,0.8422825324573081,0.7630278020610523,0.22163709856563865,0.6336098669409242,0.06730959787994004,0.04800458787091065
contrastive,original_test,dspy,43,temperature,0.8517110266159695,1.0,263,0.8517110266159695,0.8422825324573081,0.7630278020610523,0.28566563372873827,0.4730424226907678,0.14953002837195292,0.05022219067700271
contrastive,original_test,dspy,43,temperature_bias,0.8517110266159695,1.0,263,0.7756653992395437,0.7541812186243989,0.6630548274554466,0.25867635616401013,0.4329395670689351,0.10421758587338652,0.05418072968380946
contrastive,original_test,dspy,71,raw,0.8517110266159695,1.0,263,0.8517110266159695,0.8404939809049398,0.7635211447084398,0.22475133079847912,0.7484225473088102,0.07201520912547524,0.05377111031706933
contrastive,original_test,dspy,71,temperature,0.8517110266159695,1.0,263,0.8517110266159695,0.8404939809049398,0.7635211447084398,0.27261352617009377,0.4786160250189009,0.14391318644030124,0.056083623393919535
contrastive,original_test,dspy,71,temperature_bias,0.8517110266159695,1.0,263,0.8022813688212928,0.7728409335410634,0.6953847630841027,0.2530057935854759,0.44543771103858143,0.09485765748803283,0.05995019381046535
contrastive,original_test,dspy,101,raw,0.8555133079847909,1.0,263,0.8555133079847909,0.8462761061052722,0.7701240958368798,0.22285855513307984,0.6336630803046737,0.06022813688212923,0.04596230587565245
contrastive,original_test,dspy,101,temperature,0.8555133079847909,1.0,263,0.8555133079847909,0.8462761061052722,0.7701240958368798,0.26659070081948355,0.4555909051513264,0.14732981067346232,0.04644805115966353
contrastive,original_test,dspy,101,temperature_bias,0.8555133079847909,1.0,263,0.8098859315589354,0.7842852858442955,0.705935995599332,0.2449416587328168,0.4193450963149044,0.08948123583959805,0.048116458690449684
selective,full_transfer,baseline,0,raw,0.8630952380952381,1.0,336,0.8630952380952381,0.8532873610885808,0.783783947027312,0.21652678571428588,0.7646570424374678,0.05473214285714288,0.04329154181608256
selective,full_transfer,baseline,0,temperature,0.8630952380952381,1.0,336,0.8630952380952381,0.8532873610885808,0.783783947027312,0.235186551038721,0.5091137057630891,0.10096715030250912,0.04200145933200601
selective,full_transfer,baseline,0,temperature_bias,0.8630952380952381,1.0,336,0.8541666666666666,0.8419216317767043,0.7686591827543171,0.22248693086986598,0.4768046189457073,0.08363719830946179,0.037576792649408906
selective,full_transfer,dspy,17,raw,0.8630952380952381,1.0,336,0.8630952380952381,0.8546498286437306,0.7832775604074809,0.21491428571428578,0.7627421432564024,0.059732142857142845,0.04371022293943566
selective,full_transfer,dspy,17,temperature,0.8630952380952381,1.0,336,0.8630952380952381,0.8546498286437306,0.7832775604074809,0.23684315741612227,0.5126513395581751,0.10744447596868953,0.042848927213760095
selective,full_transfer,dspy,17,temperature_bias,0.8630952380952381,1.0,336,0.8482142857142857,0.8321875359633847,0.7594323745612799,0.22734048115057365,0.481243688841612,0.09392421074753758,0.038697320838881555
selective,full_transfer,dspy,29,raw,0.8630952380952381,1.0,336,0.8630952380952381,0.8532873610885808,0.783783947027312,0.2144490178358866,0.8477187393762284,0.05341149591149588,0.04299241119045506
selective,full_transfer,dspy,29,temperature,0.8630952380952381,1.0,336,0.8630952380952381,0.8532873610885808,0.783783947027312,0.23884246252124347,0.5325292023383269,0.10431929312899019,0.04298354224987823
selective,full_transfer,dspy,29,temperature_bias,0.8630952380952381,1.0,336,0.8511904761904762,0.834349637388283,0.7656150651670149,0.23118432226119995,0.49425012322957357,0.07673468856066173,0.04064127141598624
selective,full_transfer,dspy,43,raw,0.8660714285714286,1.0,336,0.8660714285714286,0.8556594422523398,0.7885289432106136,0.2142541666666668,0.8513162757056644,0.0513988095238095,0.04315037530282095
selective,full_transfer,dspy,43,temperature,0.8660714285714286,1.0,336,0.8660714285714286,0.8556594422523398,0.7885289432106136,0.2360604793905327,0.5378153093938953,0.10296945996253493,0.04192375797557224
selective,full_transfer,dspy,43,temperature_bias,0.8660714285714286,1.0,336,0.8630952380952381,0.8513606245945695,0.7836255365941497,0.22689627277067426,0.5059243589005188,0.08616515750130183,0.03798556939197132
selective,full_transfer,dspy,71,raw,0.8630952380952381,1.0,336,0.8630952380952381,0.8532873610885808,0.783783947027312,0.2150958962520831,0.8527013339371731,0.06242754930254931,0.04387976527325226
selective,full_transfer,dspy,71,temperature,0.8630952380952381,1.0,336,0.8630952380952381,0.8532873610885808,0.783783947027312,0.23738188658039472,0.5402106659057034,0.10032028987380032,0.04313320158541071
selective,full_transfer,dspy,71,temperature_bias,0.8630952380952381,1.0,336,0.8482142857142857,0.8323077454983201,0.7586331331176308,0.22639376179636259,0.5043784031322167,0.07549633502340508,0.038991723843166126
selective,full_transfer,dspy,101,raw,0.8601190476190477,1.0,336,0.8601190476190477,0.8488527271944553,0.7785229624580126,0.21523452380952393,0.8562234879152621,0.05708333333333333,0.04453098687570162
selective,full_transfer,dspy,101,temperature,0.8601190476190477,1.0,336,0.8601190476190477,0.8488527271944553,0.7785229624580126,0.23726693674427865,0.541475650137088,0.09640795355366219,0.043384166269000116
selective,full_transfer,dspy,101,temperature_bias,0.8601190476190477,1.0,336,0.8482142857142857,0.8348454332567327,0.7584848536380829,0.22628245256953036,0.5053718157374882,0.08301074680360929,0.038454125249517294
selective,original_development,baseline,0,raw,0.9041095890410958,1.0,73,0.9041095890410958,0.8875997887739571,0.8467348763947583,0.16952602739726025,1.5852244384932923,0.029726027397260227,0.0345361295314796
selective,original_development,baseline,0,temperature,0.9041095890410958,1.0,73,0.9041095890410958,0.8875997887739571,0.8467348763947583,0.24008488441415493,0.7938318435948446,0.16657779134691345,0.038550002143210624
selective,original_development,baseline,0,temperature_bias,0.9041095890410958,1.0,73,0.863013698630137,0.84821228568967,0.7717633317108304,0.23137295181274015,0.7352340774506869,0.12176410315782586,0.03868316010045926
selective,original_development,dspy,17,raw,0.9041095890410958,1.0,73,0.9041095890410958,0.8875997887739571,0.8467348763947583,0.1707945205479452,1.5874103720953083,0.051232876712328804,0.03531177708696082
selective,original_development,dspy,17,temperature,0.9041095890410958,1.0,73,0.9041095890410958,0.8875997887739571,0.8467348763947583,0.241362841085065,0.7944956712710758,0.17969547167330135,0.039887540064149025
selective,original_development,dspy,17,temperature_bias,0.9041095890410958,1.0,73,0.863013698630137,0.84821228568967,0.7717633317108304,0.23181059926683645,0.7235854862158261,0.1194814943831716,0.038755416639875286
selective,original_development,dspy,29,raw,0.9041095890410958,1.0,73,0.9041095890410958,0.8875997887739571,0.8467348763947583,0.16881095890410963,1.5859682345755246,0.038356164383561646,0.034532280680003274
selective,original_development,dspy,29,temperature,0.9041095890410958,1.0,73,0.9041095890410958,0.8875997887739571,0.8467348763947583,0.2461293253772245,0.7804464256578265,0.18717958932994538,0.039795985529567895
selective,original_development,dspy,29,temperature_bias,0.9041095890410958,1.0,73,0.863013698630137,0.8322195084856455,0.769824794719479,0.24026560797943597,0.6999714655494479,0.1653655963475042,0.04322085354415616
selective,original_development,dspy,43,raw,0.9041095890410958,1.0,73,0.9041095890410958,0.8875997887739571,0.8467348763947583,0.16842739726027398,1.5860236641554626,0.02205479452054792,0.0328878768700072
selective,original_development,dspy,43,temperature,0.9041095890410958,1.0,73,0.9041095890410958,0.8875997887739571,0.8467348763947583,0.23920463661366495,0.7906634963876356,0.16695779888385498,0.03787407961642915
selective,original_development,dspy,43,temperature_bias,0.9041095890410958,1.0,73,0.8904109589041096,0.8819559435997792,0.818406908519149,0.2309887895179019,0.7267344592178858,0.14189910633869254,0.03496460215153882
selective,original_development,dspy,71,raw,0.9041095890410958,1.0,73,0.9041095890410958,0.8875997887739571,0.8467348763947583,0.16887397260273976,1.5857292399252445,0.03808219178082188,0.03363652788058827
selective,original_development,dspy,71,temperature,0.9041095890410958,1.0,73,0.9041095890410958,0.8875997887739571,0.8467348763947583,0.24078869689729904,0.7928775916271172,0.167510951658555,0.03906815518793036
selective,original_development,dspy,71,temperature_bias,0.9041095890410958,1.0,73,0.8493150684931506,0.8218020952940442,0.7481132045580875,0.2337190860063346,0.72729345153622,0.11407397336444898,0.040685091678746975
selective,original_development,dspy,101,raw,0.9041095890410958,1.0,73,0.9041095890410958,0.8875997887739571,0.8467348763947583,0.16870958904109593,1.5883707983978315,0.02397260273972597,0.03371402173376705
selective,original_development,dspy,101,temperature,0.9041095890410958,1.0,73,0.9041095890410958,0.8875997887739571,0.8467348763947583,0.23968731348744962,0.7950708585016273,0.16562028486125355,0.039192513462607645
selective,original_development,dspy,101,temperature_bias,0.9041095890410958,1.0,73,0.8493150684931506,0.837006237006237,0.7478015075376885,0.22873224183688076,0.7249524963026658,0.10889935678161188,0.0394059647055797
selective,original_test,baseline,0,raw,0.8517110266159695,1.0,263,0.8517110266159695,0.8425298054336746,0.7658719184120324,0.2295726235741444,0.536894989539844,0.06790874524714824,0.045267515637076775
selective,original_test,baseline,0,temperature,0.8517110266159695,1.0,263,0.8517110266159695,0.8425298054336746,0.7658719184120324,0.2338269375923082,0.43008547739153713,0.08808332811838226,0.04318598494533075
selective,original_test,baseline,0,temperature_bias,0.8517110266159695,1.0,263,0.8517110266159695,0.8388859245425643,0.7667276069520337,0.22002046878306059,0.40507324833405817,0.08636956557174268,0.03697429716904995
selective,original_test,dspy,17,raw,0.8517110266159695,1.0,263,0.8517110266159695,0.8441960525417169,0.7652569130541774,0.2271604562737642,0.5338418363923716,0.07615969581749052,0.04591618412038008
selective,original_test,dspy,17,temperature,0.8517110266159695,1.0,263,0.8517110266159695,0.8441960525417169,0.7652569130541774,0.2355886444585833,0.4344207836074451,0.08739001708489996,0.044212272452374385
selective,original_test,dspy,17,temperature_bias,0.8517110266159695,1.0,263,0.844106463878327,0.8267805986447381,0.7550311222218985,0.2260997259319913,0.4139777146654986,0.09156054578286117,0.038634813038910636
selective,original_test,dspy,29,raw,0.8517110266159695,1.0,263,0.8517110266159695,0.8425298054336746,0.7658719184120324,0.22711661594242533,0.6428053813931541,0.07850289971962973,0.044863074984556155
selective,original_test,dspy,29,temperature,0.8517110266159695,1.0,263,0.8517110266159695,0.8425298054336746,0.7658719184120324,0.2368198732114084,0.463715676473978,0.08434082577422125,0.044020317476645136
selective,original_test,dspy,29,temperature_bias,0.8517110266159695,1.0,263,0.8479087452471483,0.8321687347513613,0.7639919262746219,0.22866366120632844,0.4371487620533357,0.06711604502074635,0.040273101425385066
selective,original_test,dspy,43,raw,0.8555133079847909,1.0,263,0.8555133079847909,0.8455114324541032,0.771894186924373,0.22697414448669195,0.6473860880370906,0.06927756653992395,0.045361721876648886
selective,original_test,dspy,43,temperature,0.8555133079847909,1.0,263,0.8555133079847909,0.8455114324541032,0.771894186924373,0.23518776654913084,0.46763311300399857,0.08913140382749861,0.042938975221667584
selective,original_test,dspy,43,temperature_bias,0.8555133079847909,1.0,263,0.8555133079847909,0.84181426617238,0.7733509684155175,0.2257603270575655,0.44463486337516595,0.0720166288995208,0.03836748908546883
selective,original_test,dspy,71,raw,0.8517110266159695,1.0,263,0.8517110266159695,0.8425298054336746,0.7658719184120324,0.22792555566806044,0.6492373144043643,0.07580097553481584,0.04588976450135477
selective,original_test,dspy,71,temperature,0.8517110266159695,1.0,263,0.8517110266159695,0.8425298054336746,0.7658719184120324,0.23643627002855472,0.4700787815799864,0.08167041036700527,0.04440183861334362
selective,original_test,dspy,71,temperature_bias,0.8517110266159695,1.0,263,0.8479087452471483,0.8330086369244757,0.7603194275480585,0.2243604969015795,0.4425046444497367,0.07240009739837751,0.038469379168642105
selective,original_test,dspy,101,raw,0.8479087452471483,1.0,263,0.8479087452471483,0.8368700452157096,0.7591984371922493,0.2281482889733839,0.6530038922299877,0.0731939163498099,0.046989894738394496
selective,original_test,dspy,101,temperature,0.8479087452471483,1.0,263,0.8479087452471483,0.8368700452157096,0.7591984371922493,0.2365951211463645,0.47108610561004705,0.07719692623254368,0.0448365997575639
selective,original_test,dspy,101,temperature_bias,0.8479087452471483,1.0,263,0.8479087452471483,0.8330086369244757,0.7603194275480585,0.22560247303904898,0.44442356599886457,0.07696087058041713,0.038429049399225555
